,"Defoamer Flow ","DSCHPump Speed","SCRNPump Speed","2POWPump Speed","Tank level","Production1st Stage","Production2nd Stage","Production1st POW","Production2nd POW(tpd)","Speed1st Stage","Speed2nd Stage","Speed1st POW","Speed2nd POW","Pre O2Kappa","Post O2Kappa","CODPre","CODPost","1st StageSolids","ImpregSolids","ConsistancyDischarge","North DSCH(Softwood)","Screen Feed tank","Stock1POW","2POW FD","1st StageFiltrate Tk"
,"(%)","(%)","(%)","(%)","(tpd)","(tpd)","(tpd)","(tpd)","(rpm)","(rpm)","(rpm)","(rpm)",,,,,"(%)","(%)",,"(%)","(%)","(%)","(%)",,"(Deg. F)"
"9/7/10 11:00 AM",1.81,98,98,98,32.88,1482,1563,1574,1602,8,8,9,9,12.9,8.5,236,52.2,14.7,17.5,5.1,3,4.9,4.7,5,2.4
"9/7/10 10:00 AM",1.5,65,65,65,33,1475,1499,1496,1500,8,8,9,8,12.6,9.1,236,52.2,14.7,17.5,5.1,3,4.8,4.7,5,2.2
"9/7/10 9:00 AM",1.29,65,65,65,33.12,1516,1260,1283,1332,8,6,7,8,13.1,8.7,236,52.2,15.6,17.1,4.9,3,5.1,4.5,4.8,1.2
"9/7/10 8:00 AM",1.34,65,65,65,33.24,1594,1495,1551,1618,7,8,9,9,12.5,8.2,236,52.2,15.6,17.1,4.1,3,4.8,4.6,5,3.2
"9/7/10 7:00 AM",1.22,65,65,65,33.34,1446,1496,1523,1524,7,8,9,8,13,7.8,236,52.2,15.6,17.1,5,3,4.8,4.8,5,1
"9/7/10 6:00 AM",1.24,65,65,65,33.42,1543,1498,1486,1480,8,8,9,8,12.2,8.3,236,52.2,15.6,17.1,5,3,4.9,4.8,5,1.7
"9/7/10 5:00 AM",1.2,65,65,65,33.5,1543,1539,1559,1505,7,8,9,9,12.6,8.9,236,52.2,13.6,17.1,4,3,4.8,4.8,5,2.7
"9/7/10 4:00 AM",1.25,65,65,65,33.58,1436,1433,1500,1570,8,7,9,9,12.9,8.6,236,52.2,13.6,17.1,5.2,3,4.8,4.7,4.9,0.5
"9/7/10 3:00 AM",1.15,65,65,65,33.66,1476,1604,1568,1581,8,8,10,9,12.7,8.3,236,52.2,13.6,17.1,5.1,3,4.9,4.7,5,2.3
"9/7/10 2:00 AM",1.53,65,65,65,33.73,1525,1519,1539,1561,8,8,9,9,12.6,8.8,236,52.2,13.6,17.1,4.8,3,4.8,4.7,4.9,1.3
"9/7/10 1:00 AM",1.38,65,65,65,33.81,1493,1531,1517,1554,8,8,9,9,13.1,9.3,236,52.2,13.9,17.5,5.1,3,5,4.7,5,2.6
"9/7/10 12:00 AM",1.5,65,65,65,33.89,1492,1536,1505,1469,8,8,9,9,13,10,236,52.2,13.9,17.5,5.1,3,4.9,4.7,4.9,2.8
"9/6/10 11:00 PM",1.27,65,65,65,33.97,1563,1524,1570,1628,7,8,10,9,13.9,10.2,236,52.2,13.9,17.5,4.4,3,4.7,4.7,5,0.3
"9/6/10 10:00 PM",1.38,65,65,65,34.05,1562,1558,1526,1587,9,8,9,9,13.6,8.6,236,52.2,13.9,17.5,5.1,3,4.9,4.7,5,0.9
"9/6/10 9:00 PM",1.37,65,65,65,34.14,1233,1623,1570,1590,8,9,9,9,12.5,9.2,236,52.2,13.8,17.3,5,3,4.8,4.7,5,-0.2
"9/6/10 8:00 PM",1.34,65,65,65,34.22,1545,1634,1280,1488,9,8,7,8,12.7,9,236,52.2,13.8,17.3,5.1,3,4.9,4.2,4.9,0.6
"9/6/10 7:00 PM",1.31,65,65,65,34.31,1419,844,975,1040,7,9,9,6,14.7,9.4,126.1,35,13.8,17.3,4.9,3,4.1,4.6,4.5,-0.8
"9/6/10 6:00 PM",1.18,65,65,65,34.39,1577,1585,1416,1419,8,8,8,8,15.4,9.6,126.1,35,13.8,17.3,5.2,3,4.9,4.9,5,-0.3
"9/6/10 5:00 PM",1.11,65,65,65,34.48,1562,1508,1385,1412,7,8,8,8,13.1,10,126.1,35,14,17.5,4.5,3,4.9,5.3,5.1,-1
"9/6/10 4:00 PM",0.82,65,65,65,34.56,1544,1560,1509,1601,8,8,10,9,13.3,10.1,126.1,35,14,17.5,5,3,4.9,5.3,5.2,0.4
"9/6/10 3:00 PM",0.55,65,65,65,34.63,1549,1577,1672,1577,9,8,10,9,14,8.7,126.1,35,14,17.5,5.1,3,4.9,5.2,5.2,-1.3
"9/6/10 2:00 PM",0.57,65,65,65,34.67,1544,1570,1517,1621,8,8,10,9,13.3,7.8,126.1,35,14,17.5,5.1,3,4.9,5.4,5.2,-1.6
"9/6/10 1:00 PM",0.53,45,45,45,34.71,1549,1624,1570,1687,9,8,10,9,13.9,8.2,126.1,35,14,17.5,5.2,3,4.2,5.3,5.2,-3.2
"9/6/10 12:00 PM",0.61,45,45,45,34.75,1639,1654,1644,1691,8,8,11,9,13.6,8.2,126.1,35,14,17.5,4.9,3,4.1,5.4,5.2,-3.8
"9/6/10 11:00 AM",0.57,45,45,45,34.79,1622,1595,1533,1525,9,8,10,8,13.6,8.1,126.1,35,14.2,17.5,5,3,4.2,5.5,5.2,-3.6
"9/6/10 10:00 AM",0.45,98,98,98,34.83,1439,1357,1412,1242,8,6,9,7,13.6,8.5,126.1,35,14.2,17.5,5,3,4.2,5.1,4.5,-4
"9/6/10 9:00 AM",0.88,45,45,45,34.87,3,0,0,0,0,0,0,0,13.6,8.7,126.1,35,14.2,17.5,3,3,2,2,2,-4
"9/6/10 8:00 AM",1.08,45,45,45,34.91,1613,1632,1656,1667,8,8,11,9,14.3,9.6,126.1,35,14.2,17.5,4.9,3,4.1,5.4,5.1,-3.3
"9/6/10 7:00 AM",1.05,45,45,45,34.96,1619,1612,1684,1759,9,8,11,10,14.9,8.5,126.1,35,14.6,18.8,5,3,4.2,5.3,5.2,-3.7
"9/6/10 6:00 AM",1.16,45,45,45,35.03,1601,1697,1665,1783,9,9,11,10,13.8,7.7,126.1,35,14.6,18.8,5,3,4.3,5.3,5.1,-3.3
"9/6/10 5:00 AM",1.05,45,45,45,35.1,1641,1633,1685,1728,9,8,11,9,13.1,7.8,126.1,35,14.6,18.8,5,3,4.2,5.4,5.2,-1.6
"9/6/10 4:00 AM",1.03,45,45,45,35.17,1517,1528,1633,1706,9,8,10,9,13.1,7.8,126.1,35,14.6,18.8,5.1,3,4.1,5.4,5.2,-2.7
"9/6/10 3:00 AM",1.08,45,45,45,35.24,1556,1567,1598,1645,8,8,10,9,13.1,8.2,126.1,35,14.6,18.8,5,3,4.2,5.4,5.1,-2.6
"9/6/10 2:00 AM",1.15,45,45,45,35.31,1551,1546,1629,1769,8,8,10,9,13.9,7.1,126.1,35,14.6,18.8,5,3,4.2,5.4,5.3,-3.1
"9/6/10 1:00 AM",0.72,45,45,45,35.38,1586,1588,1623,1750,8,8,10,9,12.3,7.1,126.1,35,14.2,19,5,3,4.3,5.3,5.2,-2.7
"9/6/10 12:00 AM",0.82,45,45,45,35.46,1580,1599,1619,1707,9,8,10,9,12.2,6.4,126.1,35,14.2,19,5.2,3,4.1,5.4,5.2,-2.9
"9/5/10 11:00 PM",0.57,45,45,45,35.51,1559,1421,1449,1588,8,7,9,8,11.7,7.2,126.1,35,14.2,19,5.2,3,4.2,5.3,5.2,-2.9
"9/5/10 10:00 PM",0.51,45,45,45,35.54,1493,1481,1557,1561,7,7,10,8,12.6,7.3,126.1,35,14.2,19,4.8,3,4.2,5.4,5.2,-2.5
"9/5/10 9:00 PM",0.45,45,45,45,35.58,1512,1489,1619,1692,8,7,10,9,13.3,6.6,126.1,35,14.5,18.6,5,3,4.1,5.4,5.2,-2.7
"9/5/10 8:00 PM",0.35,45,45,45,35.61,1501,1611,1670,1758,8,8,10,9,12,6.5,126.1,35,14.5,18.6,5.1,3,4.3,5.4,5.3,-2.9
"9/5/10 7:00 PM",0.47,45,45,45,35.65,1540,1529,1561,1635,8,8,9,9,12.6,6.9,185,66,14.5,18.6,5,3,4.2,5.3,5.1,-2
"9/5/10 6:00 PM",0.67,45,45,45,35.68,1465,1367,1605,1696,7,7,10,9,12.6,7.3,185,66,14.5,18.6,4.7,3,4.2,5.2,5.2,-2.3
"9/5/10 5:00 PM",0.87,45,45,45,35.72,1580,1631,1626,1870,9,8,10,10,12.5,8.1,185,66,14.2,17.5,5.1,3,4.5,5.2,5.4,-2
"9/5/10 4:00 PM",1.33,45,45,45,35.75,1610,1603,1826,1939,8,8,10,9,14.1,7.1,185,66,14.2,17.5,4.7,3,4.4,5.5,5.4,-1.7
"9/5/10 3:00 PM",1.44,45,45,45,35.82,1631,1564,1689,1857,9,8,10,9,12.4,6.8,185,66,14.2,17.5,5.1,3,4.6,5.2,5.3,-1.8
"9/5/10 2:00 PM",1.56,45,45,45,35.92,1568,1557,1736,1735,7,8,10,8,11.6,7.5,185,66,14.2,17.5,4.9,3,4.4,5.5,5.2,-1.9
"9/5/10 1:00 PM",1.7,45,45,45,36.01,1514,1395,1579,1813,8,7,9,9,12.1,8.3,199.8,45.8,14,17.2,5.2,3,4.5,5.1,5.1,-0.8
"9/5/10 12:00 PM",1.8,45,45,45,36.11,1560,1661,1807,1819,8,9,11,9,13.1,10.1,199.8,45.8,14,17.2,5,3,4.6,5.4,5.2,-0.7
"9/5/10 11:00 AM",1.76,98,98,98,36.2,1568,1421,1494,1677,7,8,9,9,14.5,9.8,199.8,45.8,14,17.2,4,3,5,5.2,5.1,0.4
"9/5/10 10:00 AM",1.88,65,65,65,36.29,1309,1293,1439,1599,7,7,8,9,13.8,9.5,199.8,45.8,14,17.2,5.1,3,5.1,5.1,5,1.1
"9/5/10 9:00 AM",2.39,65,65,65,36.39,1619,1475,1614,1772,7,8,10,9,13.4,9.4,199.8,45.8,13.9,16.8,4.2,3,5,5.3,5.2,0.4
"9/5/10 8:00 AM",2.51,65,65,65,36.48,1593,1558,1606,1641,8,8,10,9,13.2,9.2,199.8,45.8,13.9,16.8,4.9,3,5.1,5.3,5.2,1.5
"9/5/10 7:00 AM",2.43,65,65,65,36.62,1517,1518,1532,1577,8,8,9,8,13.6,9.4,199.8,45.8,13.9,16.8,5,3,5.1,5.2,5.1,2.1
"9/5/10 6:00 AM",2.44,65,65,65,36.78,1578,1555,1543,1671,9,8,9,9,13.6,9.3,199.8,45.8,13.9,16.8,5.1,3,5.1,5.2,5.1,1.7
"9/5/10 5:00 AM",2.51,65,65,65,36.94,1559,1614,1624,1736,9,9,10,9,13,8.8,199.8,45.8,13.7,16.9,5,3,5.1,5.2,5.1,3.1
"9/5/10 4:00 AM",2.5,65,65,65,37.1,1598,1546,1512,1629,9,8,9,9,12.3,9,199.8,45.8,13.7,16.9,5,3,5.1,5.2,5.1,2.9
"9/5/10 3:00 AM",2.38,65,65,65,37.27,1579,1559,1573,1599,8,8,9,9,13.3,9.5,199.8,45.8,13.7,16.9,4.8,3,5.1,5.3,5.1,2.5
"9/5/10 2:00 AM",2.44,65,65,65,37.43,1587,1507,1592,1735,7,8,9,9,13.2,8.9,199.8,45.8,13.7,16.9,4.3,3,5,5.2,5.2,1
"9/5/10 1:00 AM",2.05,65,65,65,37.59,1605,1545,1579,1708,9,8,9,9,12.4,8.8,199.8,45.8,13.9,16.8,5,3,5.1,5.2,5.1,1.8
"9/5/10 12:00 AM",1.7,65,65,65,37.75,1580,1589,1620,1726,9,8,10,9,12.9,8.9,199.8,45.8,13.9,16.8,5,3,5.1,5.3,5.1,1.3
"9/4/10 11:00 PM",1.57,65,65,65,37.87,1534,1560,1575,1652,9,9,10,9,13.1,10.1,246.3,56.7,13.9,16.8,5.1,3,5.1,5.3,5.1,2.2
"9/4/10 10:00 PM",1.55,65,65,65,37.99,1592,1523,1486,1560,9,8,8,8,14,10.1,246.3,56.7,13.9,16.8,5.2,3,5.2,5.2,5,2.1
"9/4/10 9:00 PM",1.43,65,65,65,38.11,1587,1602,1646,1760,9,9,10,9,13.6,9.7,246.3,56.7,14,16.9,5.1,3,5.1,5.2,5.1,1
"9/4/10 8:00 PM",1.32,65,65,65,38.23,1587,1584,1735,1790,9,9,10,9,13.4,9.8,246.3,56.7,14,16.9,5,3,5.1,4.9,5.1,1.2
"9/4/10 7:00 PM",1.19,65,65,65,38.34,1606,1522,1684,1682,8,8,9,9,13.6,9.6,246.3,56.7,14,16.9,4.8,3,5.1,4.7,5,0.4
"9/4/10 6:00 PM",1.04,65,65,65,38.46,1633,1507,1497,1474,7,8,8,8,13.9,11.1,246.3,56.7,14,16.9,4.3,3,5.1,4.7,5,-0.4
"9/4/10 5:00 PM",1.32,65,65,65,38.58,1152,888,1291,1636,7,7,7,9,14.7,9.2,246.3,56.7,14.1,17.1,5.1,3,4.1,4.4,4.9,-0.7
"9/4/10 4:00 PM",1.62,65,65,65,38.7,1538,1570,1547,1505,9,8,9,8,13.1,9.7,246.3,56.7,14.1,17.1,5.1,3,5,4.7,4.9,0.3
"9/4/10 3:00 PM",1.62,65,65,65,38.81,1000,874,1404,1690,7,5,7,9,13.4,10.8,246.3,56.7,14.1,17.1,5.1,3,4.1,4.5,4.9,-1.4
"9/4/10 2:00 PM",1.69,65,65,65,38.92,1574,1526,1589,1567,9,8,9,9,14.4,11.3,246.3,56.7,14.1,17.1,5.1,3,5,4.9,5,0.4
"9/4/10 1:00 PM",1.73,65,65,65,39.03,1261,971,1206,1541,6,5,6,8,14.9,10,246.3,56.7,14,16.8,4.7,3,4.9,4.4,4.7,-0.7
"9/4/10 12:00 PM",1.85,65,65,65,39.14,1587,1588,1633,1628,7,9,9,9,13.4,8.3,246.3,56.7,14,16.8,4.6,3,5,4.9,5.1,-1.4
"9/4/10 11:00 AM",2.01,65,65,65,39.25,1082,706,1115,1379,8,7,5,8,12.7,9.7,246.3,56.7,14,16.8,5,3,2,4.3,4.8,-3.8
"9/4/10 10:00 AM",2.01,65,65,65,39.36,1535,1362,1360,1211,7,7,7,7,12.9,10,246.3,56.7,14,16.8,3.9,3,4.9,4.8,4.9,-1.8
"9/4/10 9:00 AM",2.07,65,65,65,39.47,1575,1328,1527,1626,7,7,9,9,13.4,10.4,246.3,56.7,14.2,16.5,4.2,3,4.8,4.6,5,0.5
"9/4/10 8:00 AM",2.15,65,65,65,39.58,1586,1336,1536,1542,8,7,9,8,13.9,11.1,246.3,56.7,14.2,16.5,4.7,3,4.9,4.7,4.9,0.7
"9/4/10 7:00 AM",2.18,65,65,65,39.72,1595,1483,1525,1392,7,8,8,8,13.9,10.1,246.3,56.7,14.2,16.5,4.4,3,5,4.9,5,-0.2
"9/4/10 6:00 AM",2.32,65,65,65,39.87,1547,1542,1649,1584,8,8,9,9,13.6,11.1,246.3,56.7,14.2,16.5,4.9,3,5,4.9,5,0.7
"9/4/10 5:00 AM",2.32,65,65,65,40.02,1624,1577,1583,1549,9,9,10,9,14.3,10.6,272,47.5,14,16.5,5.1,3,5.1,4.9,4.9,1.6
"9/4/10 4:00 AM",2.24,65,65,65,40.17,1404,1470,1565,1590,8,8,10,9,13.9,11.1,272,47.5,14,16.5,5,3,5.1,4.9,4.9,1.1
"9/4/10 3:00 AM",2.33,65,65,65,40.32,1599,1532,1532,1631,9,8,9,9,15.2,10.9,272,47.5,14,16.5,5.2,3,5.2,4.7,5,1.7
"9/4/10 2:00 AM",2.2,65,65,65,40.47,1578,1620,1738,1684,9,9,10,9,14.3,10.4,272,47.5,14,16.5,5.1,3,5.1,5,5.1,0.4
"9/4/10 1:00 AM",2.27,65,65,65,40.62,1552,1556,1681,1740,12,8,10,9,13.9,11.5,272,47.5,14.4,16.5,5.2,3,5.2,4.9,5,0.9
"9/4/10 12:00 AM",2.14,65,65,65,40.77,1584,1548,1579,1594,9,8,10,9,15.1,10.4,272,47.5,14.4,16.5,5.2,3,5.2,4.9,4.9,1
"9/3/10 11:00 PM",2.06,65,65,65,40.91,1530,1451,1438,1425,10,8,8,8,13.6,9.2,218.4,41.4,14.4,16.5,5.3,3,5.2,4.7,4.8,0.4
"9/3/10 10:00 PM",2.07,65,65,65,41.06,1616,1620,1646,1662,9,9,10,9,13.3,9.1,218.4,41.4,14.4,16.5,5.2,3,5.1,5,5.4,0.9
"9/3/10 9:00 PM",2.04,65,65,65,41.21,900,1100,1482,1631,7,6,9,9,13.6,9.4,218.4,41.4,14.1,16.5,5.3,3,4.7,4.8,5.2,-3
"9/3/10 8:00 PM",1.96,65,65,65,41.36,1557,1594,1668,1668,9,9,10,9,13.5,9.8,218.4,41.4,14.1,16.5,5,3,5.1,5,5.3,0.2
"9/3/10 7:00 PM",2,65,65,65,41.5,1549,1284,1293,1337,7,7,7,7,13.3,10.2,218.4,41.4,14.1,16.5,4.4,3,5.2,4.7,5.2,-0.9
"9/3/10 6:00 PM",2.09,65,65,65,41.65,1610,1414,1600,1679,7,8,9,9,13.3,10,218.4,41.4,14.1,16.5,4.4,3,5,4.7,5.1,-0.3
"9/3/10 5:00 PM",2.01,65,65,65,41.8,1578,1583,1621,1701,9,8,9,9,13.7,10,218.4,41.4,13.7,17,4.9,3,5.1,4.7,5.2,0.2
"9/3/10 4:00 PM",1.76,65,65,65,41.94,1588,1630,1676,1712,9,9,9,9,13.6,7.5,218.4,41.4,13.7,17,5.2,3,5,4.7,5.3,-0.6
"9/3/10 3:00 PM",1.66,65,65,65,42.07,1567,1566,1602,1605,8,8,9,8,11.8,8,218.4,41.4,13.7,17,4.6,3,5,4.8,5.4,-0.9
"9/3/10 2:00 PM",1.54,55.25,55.25,55.25,42.19,1153,1108,1226,1276,6,6,7,7,12.6,8.1,218.4,41.4,13.7,17,5,3,4.9,4.7,5.3,-1.6
"9/3/10 1:00 PM",1.56,55.25,55.25,55.25,42.32,1184,1206,1321,1328,6,7,8,7,13,7.8,218.4,41.4,15.1,17.2,4.3,3,5.1,4.8,5.3,-1.3
"9/3/10 12:00 PM",1.52,56.83,56.83,56.83,42.44,1219,1247,1296,1262,6,6,7,7,12.6,8.7,218.4,41.4,15.1,17.2,5.2,3,5.1,4.8,5.4,-1
"9/3/10 11:00 AM",1.64,49.64,49.64,49.64,42.56,1151,1090,1366,1567,6,5,7,8,13.2,8.7,158.8,25.5,15.1,17.2,5.1,3,5,4.7,5.3,-1
"9/3/10 10:00 AM",1.79,65,65,65,42.69,1561,1608,1698,1773,9,9,10,9,13.4,8.5,158.8,25.5,15.1,17.2,5,3,5,4.7,5.2,0.4
"9/3/10 9:00 AM",1.98,65,65,65,42.81,1596,1641,1618,1623,9,9,9,9,13.1,8,158.8,25.5,15,17.3,5.2,3,5,4.5,5,0.6
"9/3/10 8:00 AM",2.15,65,65,65,42.94,1496,1603,1492,1349,8,8,8,8,12.8,8.4,158.8,25.5,15,17.3,5.1,3,5,4.6,5,-0.7
"9/3/10 7:00 AM",2.32,53.59,53.59,53.59,43.09,1326,1468,1607,1654,7,8,9,9,13.4,8.5,158.8,25.5,15,17.3,5.2,3,4.9,4.8,5.1,-0.1
"9/3/10 6:00 AM",2.38,65,65,65,43.23,1565,1517,1542,1569,9,8,9,9,13,8.6,158.8,25.5,15,17.3,5.1,3,5.2,4.8,5.1,-0.8
"9/3/10 5:00 AM",2.65,65,65,65,43.38,1483,1497,1479,1599,8,8,9,9,13.4,8.3,158.8,25.5,15.4,18.4,4.9,3,5,5.1,5.2,-0.7
"9/3/10 4:00 AM",2.56,65,65,65,43.52,1492,1487,1471,1545,8,8,9,9,13,7.5,158.8,25.5,15.4,18.4,5,3,5.1,5.1,5.1,0.4
"9/3/10 3:00 AM",2.49,65,65,65,43.67,1446,1461,1472,1581,8,8,10,9,12.1,7.4,158.8,25.5,15.4,18.4,5.1,3,5.3,5.1,5.2,-0.4
"9/3/10 2:00 AM",2.29,65,65,65,43.81,1505,1459,1493,1556,8,8,10,9,12.3,7.5,158.8,25.5,15.4,18.4,5,3,4.9,5.1,5.2,-1.4
"9/3/10 1:00 AM",2.11,65,65,65,43.96,1555,1489,1513,1589,8,8,10,8,12.1,7.1,158.8,25.5,16,18.9,4.8,3,5.1,5.6,5.2,-0.7
"9/3/10 12:00 AM",1.94,65,65,65,44.1,1481,1546,1561,1655,8,8,10,9,12.2,7.2,158.8,25.5,16,18.9,5.1,3,5.3,5.6,5.2,-2.1
"9/2/10 11:00 PM",1.78,65,65,65,44.23,1485,1538,1625,1736,9,8,10,9,12.7,6.5,179.3,38.5,16,18.9,5.1,3,5,5.6,5.3,-3.7
"9/2/10 10:00 PM",1.82,45,45,45,44.35,1555,1593,1590,1693,9,8,10,9,11.9,6.4,179.3,38.5,16,18.9,5,3,4.4,5.6,5.3,-3.8
"9/2/10 9:00 PM",1.76,45,45,45,44.48,1576,1612,1559,1597,8,8,10,8,11.9,6.7,179.3,38.5,15.6,20.2,4.9,3,4.3,5.6,5.2,-3.4
"9/2/10 8:00 PM",1.56,45,45,45,44.61,1553,1530,1582,1648,8,8,10,9,11.5,6.1,179.3,38.5,15.6,20.2,5.2,3,4.3,5.7,5.3,-4
"9/2/10 7:00 PM",1.42,45,45,45,44.74,1625,1462,1384,1507,8,7,9,8,11.7,7,179.3,38.5,15.6,20.2,5,3,4.4,5.5,5.1,-3.9
"9/2/10 6:00 PM",1.57,45,45,45,44.86,1658,1517,1630,1743,10,7,10,9,12.6,6.5,179.3,38.5,15.6,20.2,4.2,3,4.2,5.6,5.2,-3.5
"9/2/10 5:00 PM",1.77,45,45,45,44.99,1567,1595,1647,1718,8,8,10,9,11.5,6.5,179.3,38.5,14.6,19.1,5,3,4.3,5.6,5.3,-3.9
"9/2/10 4:00 PM",1.89,45,45,45,45.12,1562,1542,1581,1642,8,8,10,9,12.3,6.6,179.3,38.5,14.6,19.1,5.1,3,4.3,5.7,5.3,-4
"9/2/10 3:00 PM",1.96,45,45,45,45.24,1588,1550,1530,1628,8,7,10,9,12,7.3,179.3,38.5,14.6,19.1,5,3,4.3,5.6,5.2,-3.7
"9/2/10 2:00 PM",1.97,45,45,45,45.37,1591,1585,1566,1744,8,8,10,9,13.3,7.2,179.3,38.5,14.6,19.1,5,3,4.3,5.6,5.2,-3.9
"9/2/10 1:00 PM",2.02,45,45,45,45.49,1548,1614,1636,1728,9,8,11,9,12.7,6.6,179.3,38.5,14.6,19.1,5,3,4.3,5.6,5.2,-3.1
"9/2/10 12:00 PM",2.18,45,45,45,45.62,1607,1574,1650,1758,8,8,11,9,11.9,7.1,179.3,38.5,14.6,19.1,4.9,3,4.3,5.6,5.3,-3.6
"9/2/10 11:00 AM",2.23,45,45,45,45.74,1581,1682,1523,1730,8,8,10,9,12.9,6.9,179.3,38.5,14.6,19.1,4.9,3,4.4,5.5,5.2,-3.5
"9/2/10 10:00 AM",1.87,45,45,45,45.87,1617,1618,1684,1720,8,8,10,9,12.7,7.2,179.3,38.5,14.6,19.1,4.9,3,4.2,5.7,5.3,-3.8
"9/2/10 9:00 AM",1.53,45,45,45,45.99,1579,1519,1526,1750,9,7,10,9,12.5,6.7,179.3,38.5,14.7,19.2,5.1,3,4.4,5.5,5.2,-3.8
"9/2/10 8:00 AM",1.61,45,45,45,46.11,1579,1664,1656,1806,8,9,10,9,12.2,6.9,179.3,38.5,14.7,19.2,4.9,3,4.3,5.6,5.3,-3.6
"9/2/10 7:00 AM",1.64,45,45,45,46.22,1611,1570,1588,1739,8,8,10,9,12.8,6.7,179.3,38.5,14.7,19.2,4.9,3,4.3,5.6,5.3,-2.9
"9/2/10 6:00 AM",1.67,45,45,45,46.33,1594,1632,1518,1709,8,8,12,9,12.1,6.5,179.3,38.5,14.7,19.2,4.7,3,4.3,5.4,5.2,-3.1
"9/2/10 5:00 AM",1.65,45,45,45,46.44,1583,1603,1631,1743,8,8,12,9,11.7,6.8,179.3,38.5,15.6,19.5,5.1,3,4.2,5.4,5.2,-2.8
"9/2/10 4:00 AM",1.69,45,45,45,46.55,1547,1467,1537,1725,8,7,12,9,11.9,7.3,179.3,38.5,15.6,19.5,5,3,4.2,5.4,5.2,-2.8
"9/2/10 3:00 AM",1.68,45,45,45,46.66,1538,1531,1593,1727,8,8,11,9,12.8,7.4,179.3,38.5,15.6,19.5,5,3,4.2,5.3,5.2,-3.4
"9/2/10 2:00 AM",1.79,45,45,45,46.77,1574,1559,1614,1730,8,8,10,9,13.1,6.6,179.3,38.5,15.6,19.5,5.1,3,4.2,5.3,5.2,-2.6
"9/2/10 1:00 AM",1.67,45,45,45,46.87,1569,1616,1650,1742,9,8,10,9,11.9,6.2,179.3,38.5,15.5,19.1,5.1,3,4.3,5.4,5.3,-2.2
"9/2/10 12:00 AM",1.57,45,45,45,46.98,1533,1527,1666,1743,8,7,10,9,10.9,6.7,179.3,38.5,15.5,19.1,5.1,3,4.1,5.4,5.3,-2.1
"9/1/10 11:00 PM",1.56,45,45,45,47.09,1548,1570,1624,1787,8,8,10,9,11.7,6.7,220.3,58.6,15.5,19.1,5,3,4.2,5.3,5.3,-2
"9/1/10 10:00 PM",1.44,45,45,45,47.2,1574,1613,1595,1748,8,8,10,9,12,6.6,220.3,58.6,15.5,19.1,4.9,3,4.3,5.3,5.2,-1.7
"9/1/10 9:00 PM",1.53,45,45,45,47.31,1562,1558,1621,1775,8,8,10,9,11.1,7.1,220.3,58.6,15.5,18.8,4.9,3,4.2,5.4,5.3,-0.8
"9/1/10 8:00 PM",1.49,45,45,45,47.42,1559,1592,1558,1671,8,8,10,8,12.2,7.1,220.3,58.6,15.5,18.8,4.8,3,4.3,5.3,5.3,-0.6
"9/1/10 7:00 PM",1.43,45,45,45,47.53,1528,1433,1459,1461,9,7,8,7,11.7,6.7,220.3,58.6,15.5,18.8,5.1,3,4.4,5.2,5,-0.8
"9/1/10 6:00 PM",1.25,45,45,45,47.64,1571,1478,1643,1773,8,7,10,9,11.1,10,220.3,58.6,15.5,18.8,5,3,4.2,5,5.2,-0.4
"9/1/10 5:00 PM",1.47,45,45,45,47.74,1581,1400,1460,1479,7,7,9,8,13.5,9.9,220.3,58.6,14.4,17.4,4.2,3,4.1,5,5,2.5
"9/1/10 4:00 PM",1.51,65,65,65,47.85,1168,1028,1311,1571,7,6,7,9,12.8,9.6,220.3,58.6,14.4,17.4,4.9,3,5.1,4.8,4.9,1
"9/1/10 3:00 PM",1.46,65,65,65,47.95,1502,1522,1594,1618,8,8,10,9,13,9.5,220.3,58.6,14.4,17.4,4.9,3,5.2,5,5,1.8
"9/1/10 2:00 PM",1.52,65,65,65,48.06,1478,1502,1535,1568,8,8,9,9,13.4,9.4,220.3,58.6,14.4,17.4,4.9,3,5.2,5,5,0.9
"9/1/10 1:00 PM",1.45,65,65,65,48.16,1504,1497,1586,1630,8,8,10,9,13.1,9.3,220.3,58.6,14.4,17.4,4.8,3,5.2,5,5,0.4
"9/1/10 12:00 PM",1.6,65,65,65,48.26,1521,1475,1627,1624,8,8,10,9,13.5,9.2,220.3,58.6,14.4,17.4,5.1,3,5.2,5.1,5,0.3
"9/1/10 11:00 AM",1.58,65,65,65,48.36,1604,1468,1363,1295,9,8,8,7,12.7,9.1,215.5,54.9,14.4,17.4,5.1,3,5.3,5.1,5,1
"9/1/10 10:00 AM",1.86,65,65,65,48.47,1532,1356,1307,1289,8,7,7,8,12.7,10,215.5,54.9,14.4,17.4,4.8,3,5.3,4.9,4.9,0.2
"9/1/10 9:00 AM",2.46,65,65,65,48.57,1477,1525,1670,1636,7,9,10,9,12.9,9.7,215.5,54.9,14.5,17.3,4.8,3,5.1,5.1,5,1
"9/1/10 8:00 AM",2.54,65,65,65,48.7,1589,1452,1572,1713,8,8,10,10,12.8,9.8,215.5,54.9,14.5,17.3,5,3,5.1,4.9,5,0.5
"9/1/10 7:00 AM",2.58,65,65,65,48.86,1590,1582,1627,1622,9,9,10,9,13.7,9.6,215.5,54.9,14.5,17.3,5.2,3,5.2,5.1,5,-0.6
"9/1/10 6:00 AM",2.59,65,65,65,49.03,1419,1090,1322,1650,7,6,8,9,13,10,215.5,54.9,14.5,17.3,5.1,3,5.2,4.6,4.9,-0.3
"9/1/10 5:00 AM",2.54,65,65,65,49.2,1594,1530,1623,1553,9,8,10,9,13.3,8.8,215.5,54.9,14.6,17,5.1,3,5.1,4.6,4.9,0.7
"9/1/10 4:00 AM",2.48,65,65,65,49.36,1636,1472,1508,1396,8,8,9,8,13.2,9.8,215.5,54.9,14.6,17,4.3,3,5.2,4.5,4.8,1.8
"9/1/10 3:00 AM",2.37,65,65,65,49.53,1595,1444,1564,1561,9,8,9,9,13.5,8.6,215.5,54.9,14.6,17,4.9,3,5,4.4,4.8,-0.4
"9/1/10 2:00 AM",2.47,65,65,65,49.69,1625,1564,1626,1578,8,8,10,9,12.2,8.8,215.5,54.9,14.6,17,4.8,3,5.1,4.5,4.9,1.6
"9/1/10 1:00 AM",2.28,65,65,65,49.86,1582,1567,1622,1575,8,9,10,9,11.9,8.8,215.5,54.9,14.5,16.8,4.5,3,5.1,4.5,4.9,2.2
"9/1/10 12:00 AM",2.39,65,65,65,50.02,1616,1495,1596,1546,7,8,9,9,12.7,10,215.5,54.9,14.5,16.8,4.2,3,5,4.5,4.9,2.1
"8/31/10 11:00 PM",2.35,65,65,65,50.19,1548,1353,1531,1594,7,7,9,9,12.7,9.6,385.1,51.6,14.5,16.8,4.3,3,5,4.4,4.8,0.8
"8/31/10 10:00 PM",2.21,65,65,65,50.35,1523,1540,1634,1606,9,8,10,9,12.7,8.3,385.1,51.6,14.5,16.8,5.1,3,5.1,4.5,4.8,-0.1
"8/31/10 9:00 PM",2.22,65,65,65,50.52,1501,1462,1515,1519,8,8,9,9,12.1,9.9,385.1,51.6,14.3,16.6,5.2,3,5.1,4.5,4.8,0.3
"8/31/10 8:00 PM",2.09,65,65,65,50.68,1586,1532,1574,1502,8,8,9,9,13,10,385.1,51.6,14.3,16.6,4.7,3,5.1,4.5,4.8,0.6
"8/31/10 7:00 PM",1.88,65,65,65,50.85,1451,1365,1515,1564,8,7,9,9,13.3,9.8,385.1,51.6,14.3,16.6,5.2,3,5.1,4.4,4.8,0.3
"8/31/10 6:00 PM",2.19,65,65,65,51.01,1565,1603,1609,1591,9,9,10,9,13.6,8.8,385.1,51.6,14.3,16.6,5.1,3,5.1,4.5,4.9,0.3
"8/31/10 5:00 PM",2.02,65,65,65,51.18,1483,1516,1582,1554,8,8,9,9,12.3,9.1,385.1,51.6,14.5,16.6,4.9,3,5.1,4.5,4.8,0
"8/31/10 4:00 PM",1.95,65,65,65,51.31,1545,1543,1550,1600,9,8,9,9,13.1,8.9,385.1,51.6,14.5,16.6,5,3,5.1,4.5,4.9,0.7
"8/31/10 3:00 PM",1.97,65,65,65,51.44,1575,1519,1381,1503,9,8,8,8,12.6,8.4,385.1,51.6,14.5,16.6,4.8,3,5.1,4.2,4.8,0.9
"8/31/10 2:00 PM",2.07,65,65,65,51.56,1435,1364,1404,1328,9,9,8,8,12.6,9.4,385.1,51.6,14.5,16.6,4.1,3,2.7,4.5,4.8,0.3
"8/31/10 1:00 PM",2.23,65,65,65,51.69,1530,1540,1575,1635,9,8,10,9,13.1,9.2,385.1,51.6,14.3,16.7,5,3,5.2,4.5,4.8,0.3
"8/31/10 12:00 PM",2.27,65,65,65,51.81,1503,1518,1560,1573,9,8,9,8,12.7,7.9,385.1,51.6,14.3,16.7,4.9,3,5.1,4.5,4.8,0
"8/31/10 11:00 AM",2.25,65,65,65,51.94,1463,1492,1509,1499,8,8,9,8,12.5,8.3,151.1,42.8,14.3,16.7,4.9,3,5.1,4.7,4.9,-0.4
"8/31/10 10:00 AM",2.42,65,65,65,52.06,1562,1448,1450,1429,7,7,8,8,12.4,8.9,151.1,42.8,14.3,16.7,3.7,3,5.1,4.5,4.7,-1
"8/31/10 9:00 AM",2.18,65,65,65,52.19,1109,878,1202,1516,13,8,6,8,12.3,8.2,151.1,42.8,15.1,16.6,4.8,3,2.8,4.1,4.3,-3.3
"8/31/10 8:00 AM",2.21,65,65,65,52.33,1529,1472,1450,1344,7,8,8,8,12.3,7.6,151.1,42.8,15.1,16.6,4.2,3,4.6,4.3,4,-1.4
"8/31/10 7:00 AM",2.11,60.14,60.14,60.14,52.48,1311,1271,1253,1208,9,7,7,7,11.3,7.7,151.1,42.8,15.1,16.6,5.1,3,4.4,4.3,4,-1
"8/31/10 6:00 AM",2.13,60.14,60.14,60.14,52.62,1264,1259,1311,1258,7,7,7,7,12,7.7,151.1,42.8,15.1,16.6,4.4,3,4.4,4.3,4.1,-1.1
"8/31/10 5:00 AM",2.13,57.57,57.57,57.57,52.77,1249,1089,1089,1049,7,6,5,6,12.6,8.7,151.1,42.8,13.7,16.1,4.9,3,4.4,4.2,4,-1.5
"8/31/10 4:00 AM",2.03,57.57,57.57,57.57,52.92,1240,1098,1168,1121,7,6,6,7,11.9,8.8,151.1,42.8,13.7,16.1,5.1,3,4.4,4.3,4.1,-1.3
"8/31/10 3:00 AM",2.1,55.8,55.8,55.8,53.07,1184,1073,1129,1090,9,7,8,7,12.7,8.6,151.1,42.8,13.7,16.1,4.1,3,4.2,4.3,4.1,-2.2
"8/31/10 2:00 AM",2.07,55.8,55.8,55.8,53.22,1201,1161,1121,1005,9,6,8,6,12.7,7.7,151.1,42.8,13.7,16.1,5.1,3,4.4,4.3,4,-2.2
"8/31/10 1:00 AM",2.17,55.8,55.8,55.8,53.37,1203,1005,1012,932,9,7,8,6,11.8,7.4,151.1,42.8,12.9,16.1,5.1,3,4.5,4.3,4.1,-2
"8/31/10 12:00 AM",2.21,55.8,55.8,55.8,53.51,1225,935,989,1021,10,7,8,6,12,8.1,151.1,42.8,12.9,16.1,3.8,3,4.1,4.4,4.3,-1.5
"8/30/10 11:00 PM",2.18,58.33,58.33,58.33,53.66,1256,1135,1247,1235,6,6,6,7,12.7,8.3,156,35.7,12.9,16.1,4.6,3,4.6,4.8,4.9,-1.7
"8/30/10 10:00 PM",2.15,58.33,58.33,58.33,53.81,1301,1401,1505,1583,7,7,8,9,12.8,8.5,156,35.7,12.9,16.1,5.1,3,4.8,5.2,5.2,-0.6
"8/30/10 9:00 PM",1.98,65,65,65,53.96,1501,1477,1471,1559,8,8,9,9,13.2,8.5,156,35.7,13,16,5.1,3,5,5.1,5.1,-0.5
"8/30/10 8:00 PM",1.85,65,65,65,54.11,1454,1491,1511,1596,8,8,9,9,12.7,8.2,156,35.7,13,16,5.1,3,5,5.1,5.2,-0.9
"8/30/10 7:00 PM",1.48,65,65,65,54.26,1483,1584,1593,1639,8,8,9,9,12.4,8.7,156,35.7,13,16,5,3,5,5.2,5.2,-0.1
"8/30/10 6:00 PM",1.24,65,65,65,54.41,1588,1574,1554,1588,8,9,9,9,13.1,8.3,156,35.7,13,16,5,3,4.9,5.2,5.2,-0.9
"8/30/10 5:00 PM",1.26,65,65,65,54.56,1575,1505,1554,1650,8,8,9,9,12.8,9,156,35.7,12.8,16,4.9,3,5,5.2,5.2,-1.1
"8/30/10 4:00 PM",1.33,65,65,65,54.66,1641,1561,1500,1618,8,8,9,9,13.6,8.5,156,35.7,12.8,16,4.9,3,5,5.1,5.2,-1.8
"8/30/10 3:00 PM",1.25,65,65,65,54.76,1504,1582,1615,1632,9,9,9,9,12.9,8.4,156,35.7,12.8,16,5,3,5,5.2,5.2,-1.4
"8/30/10 2:00 PM",1.07,65,65,65,54.86,1487,1559,1501,1500,9,8,9,8,13,7.6,156,35.7,12.8,16,4.9,3,5.1,5.4,5.3,-1.2
"8/30/10 1:00 PM",1.06,65,65,65,54.97,1461,1387,1273,1221,8,7,7,7,13,7.7,156,35.7,13.2,17.6,5,3,5,5.2,5.1,-3.5
"8/30/10 12:00 PM",1.09,65,65,65,55.07,1596,1504,1593,1650,9,8,9,9,13.3,7.2,156,35.7,13.2,17.6,4.9,3,4.9,5.2,5.1,-3.4
"8/30/10 11:00 AM",1.11,65,65,65,55.17,1532,1563,1684,1832,9,8,10,10,12.8,9.4,156,35.7,13.2,17.6,5,3,4.9,5.2,5.2,-3.7
"8/30/10 10:00 AM",0.86,45,45,45,55.27,1601,1715,1658,1845,8,9,9,9,16.5,6.5,156,35.7,13.2,17.6,5,3,4.4,5.2,5.1,-3.6
"8/30/10 9:00 AM",1.16,45,45,45,55.37,1604,1549,1625,1665,9,7,9,8,12,5.9,156,35.7,13.3,18.1,5.2,3,4.3,5.3,5,-3.8
"8/30/10 8:00 AM",1.08,45,45,45,55.45,1570,1624,1430,1583,8,8,8,8,10.4,6.3,156,35.7,13.3,18.1,5,3,4.6,5.1,4.9,-4
"8/30/10 7:00 AM",1.04,45,45,45,55.53,1567,1358,1438,1573,9,7,8,8,11.1,8,156,35.7,13.3,18.1,4.3,3,4.2,5.1,4.8,-3.9
"8/30/10 6:00 AM",0.94,45,45,45,55.61,1585,1500,1561,1629,9,7,9,9,14.5,10.8,156,35.7,13.3,18.1,4.6,3,4.3,5.3,5,-3.8
"8/30/10 5:00 AM",0.79,45,45,45,55.69,1620,1643,1421,1347,9,9,8,7,19.6,7.9,121.8,66.4,13.8,17.4,5.1,3,4.5,5.1,4.9,-3.6
"8/30/10 4:00 AM",0.49,45,45,45,55.77,3,0,0,0,14,9,9,11,13.6,6.9,121.8,66.4,13.8,17.4,3,3,1.4,3.6,2,-4
"8/30/10 3:00 AM",0.29,45,45,45,55.85,7,0,0,0,0,0,0,0,13,6.4,121.8,66.4,13.8,17.4,3,3,2,2,2,-4
"8/30/10 2:00 AM",1.03,45,45,45,55.93,5,0,0,0,0,0,0,0,13,6.4,121.8,66.4,13.8,17.4,3,3,2,2,2,-4
"8/30/10 1:00 AM",1.36,45,45,45,56.01,1392,1335,1567,1597,7,7,9,9,12.4,6.5,121.8,66.4,13.9,18.3,3.3,3,4.2,5.2,5,-3.9
"8/30/10 12:00 AM",1.38,45,45,45,56.1,1560,1541,1506,1501,8,8,9,8,12.1,7.1,121.8,66.4,13.9,18.3,5.1,3,4.4,5.2,4.9,-3.7
"8/29/10 11:00 PM",1.38,45,45,45,56.2,1588,1475,1513,1561,7,7,9,9,18.1,8.2,121.8,66.4,13.9,18.3,4.5,3,4.3,5.1,4.8,-3.5
"8/29/10 10:00 PM",1.33,45,45,45,56.3,1574,1668,1684,1685,10,9,10,9,14.6,7.3,121.8,66.4,13.9,18.3,5,3,4.3,5.3,5,-3.7
"8/29/10 9:00 PM",1.24,45,45,45,56.4,1614,1660,1558,1452,8,8,9,8,13.7,6.5,121.8,66.4,14,18.2,4.8,3,4.4,5.3,5,-3.6
"8/29/10 8:00 PM",1.08,45,45,45,56.5,1241,1520,1508,1521,7,7,9,8,11.8,7.1,121.8,66.4,14,18.2,5.1,3,4.3,5,4.9,-3.3
"8/29/10 7:00 PM",1.14,45,45,45,56.6,1457,976,1135,1251,6,8,6,7,12.6,7.8,169,62,14,18.2,4.6,3,4.3,4.8,4.6,-3.8
"8/29/10 6:00 PM",0.99,45,45,45,56.7,1568,1477,1655,1631,7,7,10,9,14.9,10,169,62,14,18.2,4.6,3,4.3,5.3,5,-3.2
"8/29/10 5:00 PM",1.01,45,45,45,56.79,1579,1620,1658,1726,9,8,10,9,19.1,6.6,169,62,14.2,17.7,5.3,3,4.5,5.6,5.2,-2.7
"8/29/10 4:00 PM",1,45,45,45,56.86,1538,1516,1472,1375,7,7,8,7,12,6.8,169,62,14.2,17.7,4.3,3,4.6,5.8,5.3,-3.4
"8/29/10 3:00 PM",0.94,45,45,45,56.92,1491,1091,1147,1235,9,5,6,7,12.2,6.8,169,62,14.2,17.7,5.3,3,4.3,5.3,5,-2.3
"8/29/10 2:00 PM",1.05,45,45,45,56.99,1606,1551,1601,1704,9,8,10,10,12.4,7.2,169,62,14.2,17.7,5.3,3,4.5,5.4,5.1,-1.6
"8/29/10 1:00 PM",1.14,45,45,45,57.06,1584,1691,1686,1618,8,9,10,9,13.7,8.6,244.9,52.2,14.1,17.4,5.2,3,4.5,5.4,5.2,-1.6
"8/29/10 12:00 PM",1.24,45,45,45,57.12,1503,1568,1665,1720,8,8,10,10,13.9,9.3,244.9,52.2,14.1,17.4,5.3,3,4.4,5.2,5.1,-1.3
"8/29/10 11:00 AM",1.7,45,45,45,57.19,1517,1651,1798,1628,9,9,12,10,13.7,9.5,244.9,52.2,14.1,17.4,5.4,3,4.6,4.9,4.8,-0.5
"8/29/10 10:00 AM",2.23,65,65,65,57.26,1600,1547,1587,1494,9,8,9,9,13.1,9.2,244.9,52.2,14.1,17.4,5,3,5.1,4.4,4.8,0.3
"8/29/10 9:00 AM",2.31,65,65,65,57.36,1679,1539,1552,1364,8,8,9,8,12.9,9.9,244.9,52.2,13.9,16.6,4.5,3,5.1,4.4,4.7,1
"8/29/10 8:00 AM",2.33,65,65,65,57.51,1570,1353,1531,1542,8,7,9,9,13.4,8.9,244.9,52.2,13.9,16.6,5.1,3,4.9,4.3,4.7,-0.2
"8/29/10 7:00 AM",2.3,65,65,65,57.66,1590,1581,1609,1607,9,8,9,9,13.9,9.2,244.9,52.2,13.9,16.6,5.2,3,5.1,4.4,4.8,0.7
"8/29/10 6:00 AM",2.4,65,65,65,57.81,1635,1612,1538,1408,9,8,9,8,13.6,8.5,244.9,52.2,13.9,16.6,5,3,5.1,4.6,4.8,0.6
"8/29/10 5:00 AM",2.46,65,65,65,57.96,1502,1099,1093,1101,7,6,5,7,12.3,9.6,244.9,52.2,13.5,16.2,3.6,3,5.1,4.3,4.6,0.4
"8/29/10 4:00 AM",2.47,65,65,65,58.11,1589,1503,1535,1519,9,8,9,9,13.5,10.9,244.9,52.2,13.5,16.2,5.3,3,5,4.6,4.9,0.4
"8/29/10 3:00 AM",2.32,65,65,65,58.26,1610,1552,1607,1591,9,8,9,9,13.9,10.5,244.9,52.2,13.5,16.2,5.2,3,5,4.5,4.8,0.7
"8/29/10 2:00 AM",2.4,65,65,65,58.42,1615,1667,1647,1629,9,9,10,9,14.2,9.4,244.9,52.2,13.5,16.2,5.2,3,5,4.7,5,1.3
"8/29/10 1:00 AM",2.35,65,65,65,58.57,1576,1370,1480,1312,7,7,8,8,12.8,8.8,244.9,52.2,13.8,16.6,3.9,3,4.9,4.7,4.9,0.2
"8/29/10 12:00 AM",2.31,65,65,65,58.73,1569,1279,1296,1199,7,6,7,7,13.4,9.3,244.9,52.2,13.8,16.6,4.9,3,5,4.6,4.9,-0.3
"8/28/10 11:00 PM",2.26,65,65,65,58.89,1618,1497,1608,1589,7,8,9,9,13.6,9.8,244.9,52.2,13.8,16.6,4.4,3,4.9,4.6,4.9,0.2
"8/28/10 10:00 PM",2.21,65,65,65,59.05,1626,1427,1535,1561,8,7,8,9,13.7,9.2,244.9,52.2,13.8,16.6,4.7,3,4.9,4.5,4.9,0.7
"8/28/10 9:00 PM",2.05,65,65,65,59.21,1604,1503,1543,1563,9,8,9,9,13.3,9,244.9,52.2,14.1,16.5,5.2,3,5,4.6,4.9,-0.2
"8/28/10 8:00 PM",2.06,65,65,65,59.37,1577,1516,1516,1403,9,8,8,8,13.2,8.7,244.9,52.2,14.1,16.5,5.3,3,5.1,4.5,4.9,0.3
"8/28/10 7:00 PM",1.66,65,65,65,59.53,1603,1573,1607,1566,8,8,9,9,12.4,9.1,165,38,14.1,16.5,4.7,3,5,4.6,4.9,0.8
"8/28/10 6:00 PM",1.57,65,65,65,59.69,1672,1579,1558,1502,8,8,9,9,13.1,8.9,165,38,14.1,16.5,4.7,3,5.1,4.6,4.9,-0.2
"8/28/10 5:00 PM",1.6,65,65,65,59.83,1652,1532,1598,1564,9,8,10,9,12.8,8.9,165,38,14.2,16.7,5.2,3,5,5,4.9,-0.4
"8/28/10 4:00 PM",1.58,65,65,65,59.94,1586,1601,1626,1564,8,9,10,9,12.3,9.3,165,38,14.2,16.7,5.1,3,5.1,5,4.9,-0.2
"8/28/10 3:00 PM",1.47,65,65,65,60.04,1621,1543,1564,1545,8,9,10,9,12.8,9.7,165,38,14.2,16.7,5.2,3,5,5,5,1
"8/28/10 2:00 PM",1.39,65,65,65,60.15,1592,1559,1617,1555,8,8,10,9,13.4,10.4,165,38,14.2,16.7,5.1,3,5,5,4.9,-0.3
"8/28/10 1:00 PM",1.37,65,65,65,60.26,1582,1518,1570,1542,8,8,10,9,14.4,10.5,165,38,13.9,16.6,4.7,3,5.1,5,5,-0.7
"8/28/10 12:00 PM",1.35,65,65,65,60.37,1600,1381,1469,1399,7,8,9,9,14.5,8.6,165,38,13.9,16.6,3.7,3,4.7,5.2,5,-0.5
"8/28/10 11:00 AM",1.64,65,65,65,60.48,734,897,1117,1209,11,5,6,8,14,9,274.4,62.7,13.9,16.6,5.1,3,4.1,4.9,4.8,-1.2
"8/28/10 10:00 AM",2.06,65,65,65,60.59,702,1061,1395,1489,14,6,9,9,12.9,10,274.4,62.7,13.9,16.6,4.8,3,4.3,5,4.9,-2.4
"8/28/10 9:00 AM",2.32,65,65,65,60.72,1634,1548,1520,1452,9,8,10,9,14.1,10.7,274.4,62.7,13.8,16.9,5.1,3,5.1,5.1,4.9,0.5
"8/28/10 8:00 AM",2.39,65,65,65,60.88,1591,1407,1250,1139,8,8,7,7,13.6,10,274.4,62.7,13.8,16.9,4.6,3,5.1,4.9,4.9,-0.8
"8/28/10 7:00 AM",2.53,65,65,65,61.04,1581,1565,1614,1559,9,9,11,9,13.9,9.2,274.4,62.7,13.8,16.9,5.1,3,5,5.1,5,0.2
"8/28/10 6:00 AM",2.51,65,65,65,61.19,1554,1482,1434,1352,8,8,9,8,13.3,11.2,274.4,62.7,13.8,16.9,5,3,5,5.1,5.1,-0.5
"8/28/10 5:00 AM",2.5,65,65,65,61.35,1575,1507,1538,1502,8,8,10,9,14.2,10.5,274.4,62.7,14.3,16.4,5.2,3,4.9,5,5,-1.1
"8/28/10 4:00 AM",2.46,65,65,65,61.51,1565,1520,1523,1488,9,8,10,9,13.4,10.1,274.4,62.7,14.3,16.4,5,3,5,5,5,-0.4
"8/28/10 3:00 AM",2.47,65,65,65,61.67,1566,1524,1529,1519,8,8,10,9,14.2,10.2,274.4,62.7,14.3,16.4,5,3,5,4.9,5,-1.7
"8/28/10 2:00 AM",2.23,65,65,65,61.82,1534,1569,1615,1545,8,9,10,9,12.9,10.2,274.4,62.7,14.3,16.4,5,3,5,5.1,5.1,-0.7
"8/28/10 1:00 AM",2.15,65,65,65,61.97,1537,1483,1423,1362,8,8,9,8,12.7,11.7,274.4,62.7,14,16.3,5.1,3,5,5.1,5,0.6
"8/28/10 12:00 AM",2.07,65,65,65,62.12,1584,1161,1298,1368,14,6,8,9,14.6,12.3,274.4,62.7,14,16.3,3,3,3.4,4.8,4.9,-2.3
"8/27/10 11:00 PM",1.93,65,65,65,62.26,1568,1510,1525,1454,8,8,10,9,14.1,12.3,184.9,42.3,14,16.3,4.9,3,5,5,5,-2.2
"8/27/10 10:00 PM",2.01,65,65,65,62.41,1566,1524,1517,1470,9,9,10,9,14.2,12,184.9,42.3,14,16.3,5.1,3,5,5.1,5,-2.2
"8/27/10 9:00 PM",1.79,65,65,65,62.55,1454,1229,1134,1168,7,7,7,7,14.2,10.7,184.9,42.3,13,17.3,4.6,3,5,5,5.1,-2.9
"8/27/10 8:00 PM",1.45,65,65,65,62.7,1596,1556,1187,1418,9,9,8,10,14.4,8.3,184.9,42.3,13,17.3,5,3,4.9,5.2,5.5,-2.7
"8/27/10 7:00 PM",1.18,65,65,65,62.84,1478,864,957,1020,13,9,10,12,18.6,8.2,184.9,42.3,13,17.3,3,3,2.9,5,4.7,-3.8
"8/27/10 6:00 PM",0.88,51.58,51.58,51.58,62.99,657,507,1029,1095,14,9,10,12,14.1,8,184.9,42.3,13,17.3,4.3,3,2,5.2,4.8,-3.7
"8/27/10 5:00 PM",0.86,45,45,45,63.08,1477,1392,1572,1563,7,7,9,9,13.6,7.5,184.9,42.3,14.1,17.7,5.1,3,4.2,5.1,5,-2.7
"8/27/10 4:00 PM",0.75,45,45,45,63.14,1609,1581,1669,1573,8,8,9,9,13.4,8.3,184.9,42.3,14.1,17.7,5.2,3,4.2,5.3,5,-3.9
"8/27/10 3:00 PM",0.8,45,45,45,63.2,1581,1513,1575,1603,8,8,9,9,13.6,7.9,184.9,42.3,14.1,17.7,5.3,3,4.3,5.2,4.9,-3.8
"8/27/10 2:00 PM",0.78,45,45,45,63.26,1627,1625,1658,1581,9,9,9,9,13.5,7.7,184.9,42.3,14.1,17.7,5.1,3,4.2,5.2,5,-3.9
"8/27/10 1:00 PM",0.78,45,45,45,63.32,1580,1541,1628,1594,8,8,9,9,13,8,184.9,42.3,14.2,17.5,5.2,3,4.1,5.2,5,-3.6
"8/27/10 12:00 PM",0.94,45,45,45,63.39,1640,1696,1621,1608,8,9,9,10,13.1,7.7,184.9,42.3,14.2,17.5,4.6,3,4.3,5.2,5,-3.9
"8/27/10 11:00 AM",1.22,45,45,45,63.45,1576,1574,1660,1586,8,8,9,9,13.6,8.3,184.9,42.3,14.2,17.5,5.4,3,4.2,5.2,5,-3.8
"8/27/10 10:00 AM",1.22,45,45,45,63.51,1645,1569,1642,1619,9,8,9,10,13.9,7.4,184.9,42.3,14.2,17.5,5,3,4.2,5.2,4.9,-3.8
"8/27/10 9:00 AM",1.32,45,45,45,63.59,1571,1594,1642,1572,9,8,9,9,13,7.6,184.9,42.3,13.4,17.7,5.2,3,4.2,5.3,5,-2.9
"8/27/10 8:00 AM",1.32,45,45,45,63.67,1542,1455,1514,1536,8,7,9,9,16.4,8.9,184.9,42.3,13.4,17.7,5.3,3,4.2,5.2,5.1,-3.7
"8/27/10 7:00 AM",1.22,45,45,45,63.75,1612,1445,1462,1471,8,7,8,9,19.2,12.2,161.3,29.1,13.4,17.7,4.7,3,4.2,5.1,4.8,-3.7
"8/27/10 6:00 AM",1.19,45,45,45,63.84,1582,1560,1743,1752,9,8,10,10,19.1,8.1,161.3,29.1,13.4,17.7,5.1,3,4.2,5.2,5,-3.2
"8/27/10 5:00 AM",1.24,45,45,45,63.92,1599,1584,1663,1610,9,8,9,9,13.9,7.4,161.3,29.1,13.3,16.7,5.2,3,4.2,5.2,5.1,-3.6
"8/27/10 4:00 AM",1.22,45,45,45,64,1559,1541,1534,1510,9,8,8,8,13.4,7.6,161.3,29.1,13.3,16.7,5.4,3,4.2,5.3,5.1,-3.5
"8/27/10 3:00 AM",1.25,45,45,45,64.09,1288,1019,1228,1387,7,5,6,8,14,7.9,161.3,29.1,13.3,16.7,5.3,3,4.1,4.8,5,-3.8
"8/27/10 2:00 AM",2,45,45,45,64.17,1535,1409,1605,1621,9,7,9,9,13,9.2,161.3,29.1,13.3,16.7,5.4,3,4.1,5.1,5.1,-3.4
"8/27/10 1:00 AM",2.05,45,45,45,64.3,1582,1526,1801,1704,7,8,10,10,13.7,7.3,161.3,29.1,12.4,16.3,4.3,3,4.1,5.1,5.1,-3.7
"8/27/10 12:00 AM",2.18,45,45,45,64.44,1585,1629,1642,1510,9,9,9,8,12.9,7,161.3,29.1,12.4,16.3,5.1,3,4.2,4.6,4.4,-3
"8/26/10 11:00 PM",2.37,45,45,45,64.58,1566,1557,1340,970,9,8,7,12,12.7,9.3,142.4,41.4,12.4,16.3,5.3,3,4.2,5.2,3.6,-2.8
"8/26/10 10:00 PM",2.45,45,45,45,64.72,1599,1501,1105,1413,8,8,6,9,13.3,10.3,142.4,41.4,12.4,16.3,4.9,3,4.3,3.8,4.1,-2.4
"8/26/10 9:00 PM",2.57,65,65,65,64.86,1446,960,0,1199,9,9,9,7,18.5,11.1,142.4,41.4,11,16.1,4,3,3.1,3.4,3.7,-3.6
"8/26/10 8:00 PM",2.5,80,80,80,65,1467,1375,1226,1321,8,7,6,8,17.5,10.3,142.4,41.4,11,16.1,3,4.2,3.6,3.9,3.9,-1.6
"8/26/10 7:00 PM",1.47,80,80,80,65.13,1473,1440,1171,1278,8,7,6,8,19.5,9.7,142.4,41.4,11,16.1,3,4.1,3.5,3.6,3.8,-1.8
"8/26/10 6:00 PM",0.92,80,80,80,65.27,1409,1307,1229,1102,7,7,9,6,17,9,142.4,41.4,11,16.1,3,4,3.8,3.5,3.3,-2.5
"8/26/10 5:00 PM",0.97,80,80,80,65.35,0,0,0,0,0,0,0,0,16.2,10.1,142.4,41.4,12.3,16.3,3,3,2,2,2,-4.1
"8/26/10 4:00 PM",1.14,80,80,80,65.41,2,0,0,0,0,0,0,0,16.2,10.1,142.4,41.4,12.3,16.3,3,3,2,2,2,-4.1
"8/26/10 3:00 PM",1.38,80,80,80,65.47,3,0,0,0,0,0,0,0,16.2,10.1,142.4,41.4,12.3,16.3,3,3,2,2,2,-4.1
"8/26/10 2:00 PM",1.63,80,80,80,65.53,4,1263,1244,1446,13,6,7,7,16.3,9.4,142.4,41.4,12.3,16.3,3,3,3.6,3.6,3.1,-2.8
"8/26/10 1:00 PM",1.69,80,80,80,65.6,1314,1317,1308,1468,7,7,7,7,17.8,9.6,142.4,41.4,12.6,16.3,3,4,3.6,3.6,3.2,-2.8
"8/26/10 12:00 PM",1.19,80,80,80,65.66,1327,1389,1350,1501,6,7,8,8,18.9,8.9,142.4,41.4,12.6,16.3,3,3,3.5,3.5,3.2,-3.5
"8/26/10 11:00 AM",2.02,80,80,80,65.72,1326,1365,1303,1392,7,7,8,8,20.4,8,142.4,41.4,12.6,16.3,3,4.2,3.6,3.4,3.2,-3.1
"8/26/10 10:00 AM",2.38,80,80,80,65.78,1292,1118,1154,1222,6,6,6,7,16.4,9.4,142.4,41.4,12.6,16.3,3,3.2,3.4,3.3,3.1,-3.3
"8/26/10 9:00 AM",2.58,80,80,80,65.95,1107,1097,1151,1200,6,5,7,7,15.5,11.3,142.4,41.4,12.6,16,3,4.2,3.5,3.4,3.2,-3.6
"8/26/10 8:00 AM",2.57,80,80,80,66.12,1122,1138,1121,1161,5,6,7,7,18,12.3,142.4,41.4,12.6,16,3,3.7,3.5,3.5,3.3,-2.3
"8/26/10 7:00 AM",2.6,80,80,80,66.29,1152,1034,919,1043,6,5,4,6,20.1,11.6,135.5,42.5,12.6,16,3,4.1,3.5,3.5,3.4,-3.2
"8/26/10 6:00 AM",2.62,80,80,80,66.46,1317,1226,997,1096,7,6,5,6,19.1,13.7,135.5,42.5,12.6,16,3,4.2,3.6,3.7,3.6,-3.6
"8/26/10 5:00 AM",2.9,60.36,60.36,60.36,66.63,0,1119,1207,1431,14,5,9,9,19.4,13.2,135.5,42.5,12.7,16.8,3,3,4,4,3.8,-3
"8/26/10 4:00 AM",2.65,80,80,80,66.8,1459,1279,1211,1445,7,7,9,9,19.2,14.1,135.5,42.5,12.7,16.8,3,3.9,4.2,4,3.8,-3.2
"8/26/10 3:00 AM",3.02,80,80,80,66.97,1429,1420,1267,1499,8,9,9,9,21.2,13.5,135.5,42.5,12.7,16.8,3,4.3,4.1,4,3.8,-3
"8/26/10 2:00 AM",2.87,80,80,80,67.14,1409,1380,1238,1437,7,8,9,9,19,14.5,135.5,42.5,12.7,16.8,3,4.2,4.3,4,3.8,-3.6
"8/26/10 1:00 AM",2.74,80,80,80,67.33,1396,1361,1224,1423,7,8,9,9,21.1,16,135.5,42.5,12.5,16,3,4.2,4.2,4,3.8,-3.5
"8/26/10 12:00 AM",2.71,80,80,80,67.51,1431,1345,1229,1466,8,8,9,9,22.4,14.7,135.5,42.5,12.5,16,3,4.2,4.2,4,3.8,-3.3
"8/25/10 11:00 PM",2.74,80,80,80,67.7,1457,1392,1208,1419,8,8,9,9,21.7,14.4,135.5,42.5,12.5,16,3,4.3,4.3,4,3.8,-3
"8/25/10 10:00 PM",2.92,80,80,80,67.88,1416,1303,1199,1416,8,7,8,9,20,13.7,135.5,42.5,12.5,16,3,4.1,4.1,4,3.8,-2.8
"8/25/10 9:00 PM",3.02,80,80,80,68.07,1463,1379,1203,1464,8,8,9,9,20.2,12.4,135.5,42.5,12.1,17.7,3,4.2,4.2,4,3.8,-3.3
"8/25/10 8:00 PM",2.93,80,80,80,68.26,1431,1345,1199,1451,8,8,9,9,19.8,13.6,135.5,42.5,12.1,17.7,3,4.3,4.2,4,3.8,-3.3
"8/25/10 7:00 PM",2.31,80,80,80,68.44,1417,1313,1202,1423,6,8,8,9,21.3,11.6,135.5,42.5,12.1,17.7,3,3.8,4.1,4.1,3.8,-2.7
"8/25/10 6:00 PM",2.15,80,80,80,68.63,1463,1310,1065,1228,7,7,7,8,18.9,9.5,135.5,42.5,12.1,17.7,3,3.7,4.2,3.9,3.7,-3.3
"8/25/10 5:00 PM",2.11,80,80,80,68.77,1407,1108,896,1060,6,6,5,7,19,13.6,265,34,11.2,16.9,3,3.4,4.2,3.9,3.8,-2.9
"8/25/10 4:00 PM",2.18,80,80,80,68.9,1489,1374,1191,1323,7,8,8,8,21.2,14,265,34,11.2,16.9,3,3.9,4.2,4.2,3.9,-2.5
"8/25/10 3:00 PM",2.01,80,80,80,69.04,1425,1211,1113,1226,7,7,8,8,21,15.3,265,34,11.2,16.9,3,3.9,4.2,4,3.8,-2.7
"8/25/10 2:00 PM",2.14,80,80,80,69.18,1448,1103,1266,1578,12,6,8,9,21.4,12.6,265,34,11.2,16.9,3,3,3.5,3.7,3.5,-2.7
"8/25/10 1:00 PM",2.12,80,80,80,69.31,1397,1400,1498,1375,8,8,9,8,20.3,10.4,265,34,13.3,15.8,3,4.4,4.3,4.1,4,-2.1
"8/25/10 12:00 PM",2.49,80,80,80,69.45,1469,1404,1426,1415,8,8,9,8,14.6,10.2,265,34,13.3,15.8,3,4.3,4.2,4.7,5.2,-1.8
"8/25/10 11:00 AM",2.32,80,80,80,69.58,1000,578,1351,1660,8,10,8,9,13,9.9,263.9,61.5,13.3,15.8,3,4.4,2,4.5,5.1,-3.7
"8/25/10 10:00 AM",1.8,65,65,65,69.72,1587,1606,1606,1601,9,9,10,9,13.4,10.2,263.9,61.5,13.3,15.8,5.2,3,5.2,4.7,5.2,2.5
"8/25/10 9:00 AM",1.95,65,65,65,69.83,1656,1631,1731,1691,7,9,10,9,13.7,11.1,263.9,61.5,13.2,15.7,4.1,3,5.2,4.7,5.2,-0.1
"8/25/10 8:00 AM",2.04,65,65,65,69.95,1633,1601,1715,1702,9,9,10,10,14.5,9.8,263.9,61.5,13.2,15.7,5.1,3,5.2,4.8,5.2,0.5
"8/25/10 7:00 AM",1.99,65,65,65,70.06,1632,1523,1583,1650,9,8,10,9,13.4,10,263.9,61.5,13.2,15.7,5.2,3,5.2,4.7,5.2,0.7
"8/25/10 6:00 AM",2.11,65,65,65,70.17,1623,1596,1632,1672,9,9,10,9,13.7,10.1,263.9,61.5,13.2,15.7,5.2,3,5.2,4.6,5.1,0.4
"8/25/10 5:00 AM",1.69,65,65,65,70.29,1621,1613,1726,1724,9,9,10,9,13.4,9.7,263.9,61.5,13.3,16.5,5.1,3,5.2,4.7,5.2,1.8
"8/25/10 4:00 AM",1.95,65,65,65,70.4,1580,1592,1674,1634,8,9,10,9,13.3,9.2,263.9,61.5,13.3,16.5,5.1,3,5.2,4.7,5,0.9
"8/25/10 3:00 AM",1.94,65,65,65,70.51,1566,1550,1697,1640,8,8,10,9,12.6,9.4,263.9,61.5,13.3,16.5,5.2,3,5.2,4.7,5,0.3
"8/25/10 2:00 AM",2.15,65,65,65,70.63,1568,1570,1636,1647,9,8,10,9,12.8,9.7,263.9,61.5,13.3,16.5,5.3,3,5.2,4.6,5.1,-0.1
"8/25/10 1:00 AM",2.12,65,65,65,70.77,1537,1564,1670,1633,8,9,10,9,12.9,9.8,263.9,61.5,13.4,16.8,5.2,3,5.2,4.7,5,0
"8/25/10 12:00 AM",2.07,65,65,65,70.92,1625,1583,1691,1673,9,9,10,9,13,9,263.9,61.5,13.4,16.8,5.2,3,5.2,4.8,5,1.1
"8/24/10 11:00 PM",1.96,65,65,65,71.07,1556,1554,1568,1425,8,9,9,8,12.6,9.4,263.9,61.5,13.4,16.8,5.1,3,5.2,4.9,5,0.6
"8/24/10 10:00 PM",1.91,65,65,65,71.22,1589,1533,1663,1628,8,9,9,9,12.7,9.8,263.9,61.5,13.4,16.8,5.2,3,5.2,4.7,4.9,0.8
"8/24/10 9:00 PM",1.81,65,65,65,71.36,1579,1575,1690,1662,8,9,10,9,12.7,10,263.9,61.5,13.3,16.5,5.2,3,5.2,4.7,5,1.1
"8/24/10 8:00 PM",1.74,65,65,65,71.51,1586,1571,1668,1599,9,9,10,9,13,10.3,263.9,61.5,13.3,16.5,5.1,3,5.2,4.8,4.9,0
"8/24/10 7:00 PM",2.43,65,65,65,71.66,1604,1562,1574,1582,9,9,9,9,13.6,9.9,263.9,61.5,13.3,16.5,5.2,3,5.2,4.7,4.9,0.6
"8/24/10 6:00 PM",3,65,65,65,71.81,1588,1552,1636,1627,9,9,10,9,12.9,9.8,263.9,61.5,13.3,16.5,5.1,3,4.9,4.5,4.8,0.7
"8/24/10 5:00 PM",3.03,65,65,65,72.01,1568,1579,1629,1565,9,9,10,9,13.3,9.6,286.6,53.7,13.8,16.2,5.1,3,4.8,4.5,4.9,0
"8/24/10 4:00 PM",3.33,65,65,65,72.21,1571,1567,1596,1505,8,9,9,8,13.1,10.4,286.6,53.7,13.8,16.2,4.8,3,4.9,4.5,4.8,0.2
"8/24/10 3:00 PM",3.42,65,65,65,72.41,1620,1571,1649,1646,9,9,10,9,13.3,9.7,286.6,53.7,13.8,16.2,5.2,3,4.8,4.5,4.9,-0.2
"8/24/10 2:00 PM",4.05,65,65,65,72.61,1599,1605,1639,1639,9,9,10,9,12.7,9.7,286.6,53.7,13.8,16.2,5.2,3,4.7,4.6,4.8,0.6
"8/24/10 1:00 PM",4.44,65,65,65,72.82,1573,1606,1681,1616,9,9,10,9,12.9,10.4,286.6,53.7,13.8,16.7,5.2,3,4.8,4.6,4.9,0.4
"8/24/10 12:00 PM",2.55,65,65,65,73.02,1566,1608,1596,1593,8,9,9,9,13.7,9.9,286.6,53.7,13.8,16.7,5.1,3,4.8,4.5,4.8,0.9
"8/24/10 11:00 AM",2.55,65,65,65,73.22,1580,1654,1676,1664,7,10,10,9,13.6,10.1,254.1,56,13.8,16.7,4.5,3,4.8,4.5,4.8,0.7
"8/24/10 10:00 AM",2.55,65,65,65,58.44,1547,1590,1696,1688,8,9,10,9,13.2,9.9,254.1,56,13.8,16.7,5.2,3,4.7,4.6,4.9,0.2
"8/24/10 9:00 AM",2.73,65,65,65,31.46,1605,1558,1623,1639,8,9,9,9,13.2,9.8,254.1,56,13.8,16.2,5.1,3,4.8,4.5,4.8,1.8
"8/24/10 8:00 AM",2.8,65,65,65,31.4,1581,1576,1601,1633,9,9,9,9,13.4,9.7,254.1,56,13.8,16.2,5.2,3,4.8,4.5,4.9,0
"8/24/10 7:00 AM",2.79,65,65,65,31.59,1622,1624,1655,1611,9,10,11,9,13.1,8.8,254.1,56,13.8,16.2,5.1,3,4.8,4.6,4.8,0.7
"8/24/10 6:00 AM",2.79,65,65,65,31.78,1574,1562,1626,1546,8,9,10,8,12.5,9,254.1,56,13.8,16.2,5,3,4.8,4.6,4.9,0.5
"8/24/10 5:00 AM",2.81,65,65,65,31.97,1572,1490,1562,1566,8,8,11,9,12.6,9.1,254.1,56,13.3,16.2,4.9,3,4.7,4.4,4.8,1
"8/24/10 4:00 AM",2.82,65,65,65,32.16,1560,1615,1574,1510,8,9,11,8,12.3,9.8,254.1,56,13.3,16.2,5.2,3,4.5,4.2,4.6,-0.2
"8/24/10 3:00 AM",2.74,65,65,65,32.35,1542,1578,1593,1592,8,9,11,9,13.5,10.2,254.1,56,13.3,16.2,5.2,3,4.5,4.2,4.7,0.7
"8/24/10 2:00 AM",2.75,65,65,65,32.54,1537,1597,1578,1515,8,9,11,8,13.6,8.9,254.1,56,13.3,16.2,5.1,3,4.5,4.3,4.7,0.1
"8/24/10 1:00 AM",2.5,65,65,65,32.73,1521,1329,1385,1284,7,8,8,8,12.5,9.6,254.1,56,13.2,16.4,4.9,3,4.4,4.2,4.5,-0.6
"8/24/10 12:00 AM",2.32,65,65,65,32.92,1520,1468,1557,1537,8,8,11,8,12.9,11.1,254.1,56,13.2,16.4,5.2,3,4.4,4.3,4.7,0.4
"8/23/10 11:00 PM",2.26,65,65,65,33.08,1533,1387,1376,1346,8,8,9,8,13.7,9.2,269.2,50.4,13.2,16.4,5,3,4.5,4.3,4.7,0.4
"8/23/10 10:00 PM",2.15,65,65,65,33.25,1327,1083,1104,1125,6,6,6,7,13.2,9.7,269.2,50.4,13.2,16.4,4.1,3,3.7,4.1,4.5,-1.2
"8/23/10 9:00 PM",2,65,65,65,33.41,1581,1432,1284,1281,8,8,9,8,13.4,9.1,269.2,50.4,13.1,16.6,4.9,3,4.6,4.1,4.6,-0.5
"8/23/10 8:00 PM",1.85,65,65,65,33.58,1491,1191,1188,1067,7,6,7,6,13.2,8.3,269.2,50.4,13.1,16.6,4.2,3,3.5,4.2,4.6,-0.9
"8/23/10 7:00 PM",1.78,65,65,65,33.74,1565,1327,1603,1630,7,10,11,9,12.5,8.9,269.2,50.4,13.1,16.6,3.3,3,4.6,4.1,4.5,-1
"8/23/10 6:00 PM",1.8,65,65,65,33.9,1383,1363,1236,993,7,7,7,6,12.7,12,269.2,50.4,13.1,16.6,4.8,3,4.3,3.5,3.7,-1.6
"8/23/10 5:00 PM",1.81,58.04,58.04,58.04,34.07,1248,1075,1057,802,11,8,10,8,12.5,9.4,269.2,50.4,12.9,16.7,4.3,3,3.9,3.7,3.6,-0.7
"8/23/10 4:00 PM",1.57,98,98,98,34.21,363,565,1056,794,11,8,10,8,14.1,9.7,269.2,50.4,12.9,16.7,3.4,3,2,2.9,3.7,-3.4
"8/23/10 3:00 PM",1.54,65,65,65,34.31,1552,1552,1592,1588,8,8,10,9,13.4,9.4,269.2,50.4,12.9,16.7,5.1,3,4.9,4.8,4.9,0.5
"8/23/10 2:00 PM",1.62,65,65,65,34.42,1558,1517,1504,1475,8,8,9,8,13.6,9.3,269.2,50.4,12.9,16.7,5,3,5,4.8,4.9,-0.1
"8/23/10 1:00 PM",1.66,65,65,65,34.52,1584,1543,1581,1552,9,8,10,9,13.7,9.6,269.2,50.4,12.7,16.1,5.2,3,5,4.7,4.7,0.5
"8/23/10 12:00 PM",1.67,65,65,65,34.62,1600,1541,1622,1628,9,8,10,9,13.5,9.9,269.2,50.4,12.7,16.1,5.1,3,4.9,4.7,4.8,0.9
"8/23/10 11:00 AM",2.09,65,65,65,34.72,1606,1576,1596,1560,9,8,9,9,13.9,10.6,269.2,50.4,12.7,16.1,5,3,5,4.7,4.8,0.5
"8/23/10 10:00 AM",2.42,65,65,65,34.82,1582,1549,1558,1539,8,8,9,9,14.2,10.7,269.2,50.4,12.7,16.1,5,3,4.9,4.7,4.7,0.2
"8/23/10 9:00 AM",2.31,65,65,65,34.92,1565,1524,1591,1577,8,8,9,9,14.4,11.1,269.2,50.4,13,15.7,5,3,4.9,4.7,4.8,-0.7
"8/23/10 8:00 AM",2.17,65,65,65,35.03,1543,1532,1533,1570,9,8,9,9,14.3,11.7,269.2,50.4,13,15.7,5.2,3,5,4.6,4.7,-0.1
"8/23/10 7:00 AM",2.1,65,65,65,35.17,1590,1576,1625,1605,9,9,9,9,15,11.2,269.2,50.4,13,15.7,5.1,3,5,4.7,4.6,-1.2
"8/23/10 6:00 AM",2.09,65,65,65,35.31,1564,1566,1591,1625,9,8,9,9,14.1,11.2,269.2,50.4,13,15.7,5.1,3,5,4.7,4.5,-1.2
"8/23/10 5:00 AM",2.02,65,65,65,35.45,1575,1601,1588,1576,9,9,10,9,14.3,11,200.4,58.1,13.8,16.8,5.2,3,5,4.7,4.6,-0.6
"8/23/10 4:00 AM",1.89,65,65,65,35.59,1546,1603,1475,1457,9,9,9,9,14,10.1,200.4,58.1,13.8,16.8,5.1,3,5,4.4,4.6,-2.9
"8/23/10 3:00 AM",1.69,65,65,65,35.73,1481,522,964,814,11,8,5,6,14,10.1,200.4,58.1,13.8,16.8,4.8,3,3.2,4.1,3.6,-3.3
"8/23/10 2:00 AM",1.61,65,65,65,35.87,1574,1550,1532,1419,9,9,10,8,15,8.2,200.4,58.1,13.8,16.8,5.1,3,4.9,5.2,5,-3.9
"8/23/10 1:00 AM",1.66,65,65,65,36.01,0,0,0,0,0,0,0,12,14.8,10.1,200.4,58.1,14,17.2,3,3,2,2,2,-4.1
"8/23/10 12:00 AM",1.92,45,45,45,36.15,1271,1117,1300,1459,13,5,7,9,14.6,9.2,200.4,58.1,14,17.2,5.2,3,3.6,4.8,4.8,-3.8
"8/22/10 11:00 PM",1.88,45,45,45,36.28,1591,1590,1545,1499,9,8,11,9,14.7,8.3,182.4,43.5,14,17.2,5.2,3,4.3,5.2,5,-3.9
"8/22/10 10:00 PM",1.85,45,45,45,36.41,990,1339,1521,1509,12,7,11,10,14.2,7.4,182.4,43.5,14,17.2,5.1,3,4.2,5.2,4.9,-3.2
"8/22/10 9:00 PM",1.77,45,45,45,36.54,1536,1188,1155,1027,7,6,6,6,19.1,7.5,182.4,43.5,14,17.2,4.6,3,4.4,5.2,4.8,-4
"8/22/10 8:00 PM",1.5,45,45,45,36.68,1603,1587,1650,1570,8,8,9,9,12.7,8.5,182.4,43.5,14,17.2,5.1,3,4.3,5.1,5,-3.7
"8/22/10 7:00 PM",1.41,45,45,45,36.81,1561,1519,1609,1563,8,8,10,9,14.4,8,182.4,43.5,13.6,18.4,5,3,4.3,5,4.9,-4
"8/22/10 6:00 PM",1.12,45,45,45,36.94,1631,1689,1660,1599,9,9,10,9,13.9,8.4,182.4,43.5,13.6,18.4,5,3,4.4,5.2,4.9,-3.9
"8/22/10 5:00 PM",0.8,45,45,45,37.07,1641,1516,1635,1576,9,8,9,9,13.8,9.3,182.4,43.5,13.6,18.4,5.2,3,4.2,5.1,4.9,-3.2
"8/22/10 4:00 PM",0.74,45,45,45,37.18,1601,1541,1578,1543,8,8,9,9,15.6,8.3,182.4,43.5,13.6,18.4,5,3,4.3,5,4.9,-3.9
"8/22/10 3:00 PM",0.69,45,45,45,37.22,1597,1564,1582,1578,8,8,9,9,13.6,7.6,182.4,43.5,13.6,18.4,5,3,4.3,5,4.9,-3.7
"8/22/10 2:00 PM",0.76,45,45,45,37.27,1658,1550,1643,1569,9,8,9,9,13.1,6.4,182.4,43.5,13.6,18.4,4.7,3,4.3,5.2,4.9,-3.9
"8/22/10 1:00 PM",0.66,45,45,45,37.32,1578,1684,1619,1545,9,9,9,9,11.3,6.8,182.4,43.5,12.6,16.3,5.1,3,4.4,5.1,4.9,-4
"8/22/10 12:00 PM",0.58,45,45,45,37.36,1590,1563,1628,1549,8,8,9,9,12.7,6.4,182.4,43.5,12.6,16.3,5,3,4.3,5.1,4.9,-3.4
"8/22/10 11:00 AM",0.68,45,45,45,37.41,1542,1529,1576,1536,8,7,9,9,10.9,7,182.4,43.5,12.6,16.3,5.4,3,4.3,5.1,4.9,-3.8
"8/22/10 10:00 AM",1.02,45,45,45,37.46,1580,1678,1576,1533,8,8,9,9,12.2,9.2,182.4,43.5,12.6,16.3,5,3,4.4,5,4.9,-4
"8/22/10 9:00 AM",1.53,45,45,45,37.51,1646,1637,1663,1591,9,8,9,9,15.7,7.5,182.4,43.5,13.4,17,5.2,3,4.3,5.2,4.9,-2.8
"8/22/10 8:00 AM",1.79,45,45,45,37.58,1575,1579,1564,1528,8,8,9,9,12.6,7.8,182.4,43.5,13.4,17,5.1,3,4.4,5.1,4.9,-3.3
"8/22/10 7:00 AM",1.76,45,45,45,37.7,1576,1633,1609,1564,8,8,9,9,13.4,7.9,182.4,43.5,13.4,17,5,3,4.2,5.1,4.9,-3.3
"8/22/10 6:00 AM",1.73,45,45,45,37.82,1585,1575,1624,1578,8,8,9,9,13.3,8,182.4,43.5,13.4,17,5.2,3,4.2,5.2,4.9,-2.9
"8/22/10 5:00 AM",1.8,45,45,45,37.93,1592,1633,1581,1582,8,8,9,9,13.5,8.7,150.6,35.8,13.4,16.8,5.1,3,4.3,5.1,4.9,-2.5
"8/22/10 4:00 AM",1.93,45,45,45,38.05,1540,1464,1549,1581,8,7,9,9,14.4,8.8,150.6,35.8,13.4,16.8,5.1,3,4.1,5.1,4.9,-2.8
"8/22/10 3:00 AM",1.92,45,45,45,38.17,1552,1350,1488,1556,9,7,8,9,15.3,9.2,150.6,35.8,13.4,16.8,5.3,3,4.1,5,4.9,-3
"8/22/10 2:00 AM",1.52,45,45,45,38.29,1584,1624,1580,1471,8,8,8,8,18.3,7.2,150.6,35.8,13.4,16.8,5.2,3,4.2,5.2,5,-3.2
"8/22/10 1:00 AM",1.23,45,45,45,38.4,1615,1545,1635,1564,7,8,9,9,12.9,6.4,150.6,35.8,13.2,17.1,4.7,3,4.2,5.3,5,0.1
"8/22/10 12:00 AM",0.96,45,45,45,38.5,1612,1525,1540,1614,9,8,9,9,11,6.7,150.6,35.8,13.2,17.1,5.2,3,4.3,5.1,4.9,-1.6
"8/21/10 11:00 PM",0.86,45,45,45,38.57,1639,1608,1637,1597,8,8,9,9,11.8,6.9,150.6,35.8,13.2,17.1,4.6,3,4.2,5.3,5,-2.7
"8/21/10 10:00 PM",0.71,45,45,45,38.64,1617,1541,1485,1475,8,8,8,8,12.6,7.7,150.6,35.8,13.2,17.1,5,3,4.2,5.2,4.9,-2.1
"8/21/10 9:00 PM",0.43,45,45,45,38.71,1569,1489,1515,1561,7,7,8,9,12.9,9,180.1,55.1,14,17.4,4,3,4.1,5.3,5.1,-3
"8/21/10 8:00 PM",0.32,45,45,45,38.78,1469,1421,1340,1220,8,6,9,7,14.2,8.8,180.1,55.1,14,17.4,4.9,3,3.9,5.1,4.5,-3.1
"8/21/10 7:00 PM",0.33,43.21,43.21,43.21,38.85,4,0,0,0,0,0,0,0,13.4,7.1,180.1,55.1,14,17.4,3,3,2,2,2,-4
"8/21/10 6:00 PM",0.71,43.21,43.21,43.21,38.92,3,0,0,0,0,0,0,0,13.4,7.1,180.1,55.1,14,17.4,3,3,2,2,2,-4
"8/21/10 5:00 PM",1.39,43.21,43.21,43.21,38.99,2,0,0,0,0,0,0,0,13.4,7.1,180.1,55.1,14,17.4,3,3,2,2,2,-4.1
"8/21/10 4:00 PM",1.63,43.21,43.21,43.21,39.08,1099,1102,1148,1068,6,6,6,7,14.4,7.4,180.1,55.1,14,17.4,5.2,3,3.9,5.1,4.8,-3.6
"8/21/10 3:00 PM",1.83,43.21,43.21,43.21,39.17,1095,1130,1114,1081,7,6,6,7,12.4,8.4,180.1,55.1,14,17.4,5.1,3,4,5.1,4.8,-3.3
"8/21/10 2:00 PM",1.9,43.21,43.21,43.21,39.26,1122,848,1104,1150,6,4,6,7,12.9,8.8,180.1,55.1,14,17.4,5.2,3,3.5,5.1,4.6,-3.3
"8/21/10 1:00 PM",2.03,45,45,45,39.36,1607,1678,1686,1654,9,9,10,9,14.3,7.8,180.1,55.1,13.6,17.2,5.1,3,4.9,5.6,4.9,-1.3
"8/21/10 12:00 PM",2.18,45,45,45,39.45,1606,1424,1541,1633,9,7,9,10,12.4,10,180.1,55.1,13.6,17.2,5.2,3,4.5,4.7,4.9,-1
"8/21/10 11:00 AM",2.21,65,65,65,39.54,1605,1701,1680,1553,9,9,10,9,13.7,8.9,200.7,51.2,13.6,17.2,5,3,5,4.8,4.9,-0.6
"8/21/10 10:00 AM",2.35,65,65,65,39.64,1605,1606,1627,1544,8,8,10,9,12.6,9.6,200.7,51.2,13.6,17.2,4.8,3,4.9,4.7,4.9,0.4
"8/21/10 9:00 AM",2.29,65,65,65,39.73,1715,1628,1594,1506,8,9,10,9,13.7,8.8,200.7,51.2,13.8,16.8,4.3,3,4.9,4.7,4.9,0.6
"8/21/10 8:00 AM",2.19,65,65,65,39.86,1546,1408,1358,1206,9,7,8,7,13.7,9.2,200.7,51.2,13.8,16.8,5.2,3,4.2,4.7,4.9,-1.1
"8/21/10 7:00 AM",2.16,65,65,65,40.01,1418,1242,1175,1227,7,6,7,8,12.6,9.9,200.7,51.2,13.8,16.8,5,3,3.9,4.3,4.7,-0.1
"8/21/10 6:00 AM",2.17,65,65,65,40.16,1553,1387,1347,1281,7,7,8,8,13,9.3,200.7,51.2,13.8,16.8,4.6,3,4.2,4.7,5,-0.3
"8/21/10 5:00 AM",2.12,65,65,65,40.31,1637,1506,1488,1467,9,7,8,9,12.9,10,200.7,51.2,14.1,17,4.9,3,4.9,4.5,4.8,1
"8/21/10 4:00 AM",2.17,65,65,65,40.46,1595,1607,1648,1588,9,9,10,9,13.7,9.4,200.7,51.2,14.1,17,5.1,3,4.9,4.7,4.9,0.9
"8/21/10 3:00 AM",2.02,65,65,65,40.61,1605,1565,1535,1449,9,8,9,8,13,9.3,200.7,51.2,14.1,17,5,3,5,4.6,4.9,1
"8/21/10 2:00 AM",2.24,65,65,65,40.76,1741,1634,1595,1479,7,8,9,9,12.8,9.5,200.7,51.2,14.1,17,3.9,3,4.8,4.7,5,1.8
"8/21/10 1:00 AM",2.24,65,65,65,40.9,1467,1457,1526,1557,7,7,9,9,12.8,9.7,200.7,51.2,13.5,16.7,5.1,3,4.8,4.5,4.9,-0.6
"8/21/10 12:00 AM",2.33,65,65,65,41.06,1612,1635,1545,1467,9,8,9,9,13.6,10.2,200.7,51.2,13.5,16.7,5.1,3,4.9,4.6,4.9,1.1
"8/20/10 11:00 PM",2.3,65,65,65,41.22,1625,1660,1661,1571,7,9,10,9,13.9,10.1,200.7,51.2,13.5,16.7,4.2,3,4.8,4.7,4.9,0.5
"8/20/10 10:00 PM",2.25,65,65,65,41.37,1595,1615,1655,1555,9,8,10,9,13,10.3,200.7,51.2,13.5,16.7,5.1,3,4.8,4.6,4.9,0
"8/20/10 9:00 PM",2.28,65,65,65,41.53,1600,1653,1684,1641,9,9,10,10,13.7,10.9,142,52,13.2,16.3,5,3,4.8,4.5,4.9,0.5
"8/20/10 8:00 PM",2.29,65,65,65,41.68,1597,1635,1651,1586,9,9,10,9,14.4,9.7,142,52,13.2,16.3,5.1,3,4.8,4.7,5,-1.3
"8/20/10 7:00 PM",2.33,65,65,65,41.84,1510,1414,1319,1178,8,7,7,7,13.8,9.2,142,52,13.2,16.3,5.1,3,5.1,4.7,4.9,-1.3
"8/20/10 6:00 PM",2.32,65,65,65,42,1563,1471,1444,1451,8,8,8,9,13,8.8,142,52,13.2,16.3,3,5.4,5.1,4.8,4.9,-0.3
"8/20/10 5:00 PM",2.09,65,65,65,42.15,1645,1482,1474,1450,8,8,9,9,12.7,9.3,142,52,14,16.7,3,5.3,5.2,5.1,4.8,-0.8
"8/20/10 4:00 PM",2.07,65,65,65,42.3,1590,1428,1355,1429,8,7,8,9,13.1,9.7,142,52,14,16.7,3,5.5,5.2,5.1,4.8,-1.3
"8/20/10 3:00 PM",2.06,65,65,65,42.44,1582,1463,1390,1392,8,8,8,8,14,10,142,52,14,16.7,3,5.3,5.2,5.1,4.8,-1
"8/20/10 2:00 PM",2.07,65,65,65,42.58,1605,1431,1393,1408,8,7,8,8,13.5,9.5,142,52,14,16.7,3,5.3,5.2,5.1,4.7,-0.8
"8/20/10 1:00 PM",2.13,65,65,65,42.72,1604,1479,1484,1512,8,8,8,9,13.3,8.7,214.3,46.3,13.4,16.5,3,5.3,5.2,5.1,4.8,-0.8
"8/20/10 12:00 PM",2.32,65,65,65,42.86,1725,1553,1509,1439,8,8,9,9,12.9,9.6,214.3,46.3,13.4,16.5,3,5.7,5.2,5.1,4.8,-0.9
"8/20/10 11:00 AM",2.45,65,65,65,43,1587,1461,1447,1449,8,7,8,9,13.8,9.8,214.3,46.3,13.4,16.5,3,5.4,5,5.1,4.8,-1.4
"8/20/10 10:00 AM",2.55,65,65,65,43.14,1622,1515,1499,1471,8,8,9,9,13.8,9.3,214.3,46.3,13.4,16.5,3,5.4,5,5.1,4.7,-0.8
"8/20/10 9:00 AM",2.55,65,65,65,43.28,1653,1445,1390,1445,7,8,9,9,13,9.2,214.3,46.3,13.6,16.6,3,4.9,5,5.2,4.8,-1.2
"8/20/10 8:00 AM",2.51,98,98,98,43.45,1500,1115,1198,1147,7,6,6,7,13.2,9,214.3,46.3,13.6,16.6,3,5.1,5.2,5.2,4.7,-1.5
"8/20/10 7:00 AM",2.53,65,65,65,43.61,1456,1461,1395,1337,8,8,8,8,13.6,10.1,214.3,46.3,13.6,16.6,5.2,3,5.1,5.2,4.8,-1
"8/20/10 6:00 AM",2.46,65,65,65,43.78,1459,1432,1398,1346,7,7,8,8,13.8,10.4,214.3,46.3,13.6,16.6,5,3,5.3,5.2,4.7,-1.1
"8/20/10 5:00 AM",2.66,65,65,65,43.94,1597,1415,1414,1411,7,7,8,9,14.1,10.1,214.3,46.3,13.5,16.5,4.2,3,5.2,5.1,4.8,-1.1
"8/20/10 4:00 AM",2.76,65,65,65,44.11,1578,1581,1580,1500,9,9,9,9,14.8,10.2,214.3,46.3,13.5,16.5,5.1,3,5.2,5.3,4.8,-1.1
"8/20/10 3:00 AM",2.71,65,65,65,44.27,1580,1570,1573,1495,9,8,9,9,14.2,10.4,214.3,46.3,13.5,16.5,5.1,3,5.2,5.2,4.8,-1.3
"8/20/10 2:00 AM",2.7,65,65,65,44.44,1576,1564,1440,1507,8,8,8,9,13.9,10,214.3,46.3,13.5,16.5,4.9,3,5.3,5,4.8,2.2
"8/20/10 1:00 AM",2.43,65,65,65,44.6,1596,1605,1615,1514,8,9,9,9,13.5,10,214.3,46.3,13.3,16.3,4.8,3,5.2,5.1,4.8,2.2
"8/20/10 12:00 AM",2.42,65,65,65,44.76,1580,1372,1474,1493,7,7,8,9,13,10.4,214.3,46.3,13.3,16.3,4.4,3,5,5,4.8,1.5
"8/19/10 11:00 PM",2.45,65,65,65,44.92,1560,1389,1479,1566,8,8,9,9,13.6,8,203.7,42.5,13.3,16.3,4.8,3,5.1,5.1,4.8,1.4
"8/19/10 10:00 PM",2.5,65,65,65,45.07,1544,1492,1439,1310,8,8,8,8,12.5,9,203.7,42.5,13.3,16.3,4.9,3,5.2,5.2,4.8,1.9
"8/19/10 9:00 PM",2.47,65,65,65,45.23,1606,1519,1511,1474,8,8,9,9,13,9.3,203.7,42.5,13.2,16.2,4.9,3,5.1,5.1,4.8,1.4
"8/19/10 8:00 PM",2.46,65,65,65,45.39,1596,1491,1524,1518,8,8,9,9,13.7,9.5,203.7,42.5,13.2,16.2,5,3,5.1,5,4.8,1.2
"8/19/10 7:00 PM",2.21,65,65,65,45.55,1647,1573,1620,1541,9,8,9,9,14,8.7,203.7,42.5,13.2,16.2,5.2,3,5.3,5.2,4.9,1.5
"8/19/10 6:00 PM",1.97,65,65,65,45.7,1598,1530,1510,1307,9,8,11,8,13.4,8.4,203.7,42.5,13.2,16.2,5.1,3,5.3,4.7,4.4,1.5
"8/19/10 5:00 PM",1.84,65,65,65,45.85,795,1051,1398,1246,7,7,8,8,13.1,8.3,203.7,42.5,14.1,16.5,4.1,3,4.1,3.6,4,-0.3
"8/19/10 4:00 PM",1.82,65,65,65,45.98,1584,1455,1442,1298,8,8,8,8,13.3,8.2,203.7,42.5,14.1,16.5,3,5.2,4.7,3.6,4,1.6
"8/19/10 3:00 PM",1.73,65,65,65,46.1,1369,1190,1245,988,7,6,7,6,14.6,9.6,203.7,42.5,14.1,16.5,3,4.3,3.5,3.8,4.2,0.7
"8/19/10 2:00 PM",1.82,65,65,65,46.23,1514,1511,1533,1411,8,8,8,8,13.9,9.5,203.7,42.5,14.1,16.5,5,3,4.9,4.6,5,2.4
"8/19/10 1:00 PM",1.77,65,65,65,46.35,1427,1461,1464,1408,8,7,8,8,13.7,8.7,203.7,42.5,14,16.4,5.1,3,4.8,4.6,5,1.8
"8/19/10 12:00 PM",1.81,65,65,65,46.48,1445,1427,1466,1408,8,7,8,8,14.6,9.1,203.7,42.5,14,16.4,5,3,4.9,4.6,4.9,1.4
"8/19/10 11:00 AM",1.76,65,65,65,46.6,1477,1461,1441,1331,8,7,8,8,13.1,11.5,113.1,37.7,14,16.4,5.1,3,4.8,4.6,4.9,2
"8/19/10 10:00 AM",1.73,65,65,65,46.72,1446,1380,1409,1355,8,7,7,8,15.1,8.4,113.1,37.7,14,16.4,5.3,3,4.9,4.5,4.8,1.4
"8/19/10 9:00 AM",1.83,65,65,65,46.85,1477,1452,1442,0,8,7,8,12,13.6,8.2,113.1,37.7,13.8,17.1,5.2,3,5,4.6,2,2.3
"8/19/10 8:00 AM",1.75,65,65,65,46.97,1517,1398,1404,1345,8,7,8,8,14.3,7.2,113.1,37.7,13.8,17.1,5.1,3,4.9,5.1,5,0.5
"8/19/10 7:00 AM",1.66,65,65,65,47.1,1435,1020,941,1064,8,8,4,6,13.7,7.5,113.1,37.7,13.8,17.1,4.9,3,4.6,4.5,4.8,-0.6
"8/19/10 6:00 AM",1.48,65,65,65,47.22,1573,1435,1497,1512,8,7,9,8,13,7.3,113.1,37.7,13.8,17.1,4.3,3,4.6,5.1,4.9,-3.5
"8/19/10 5:00 AM",1.34,45,45,45,47.35,1534,1485,1452,1493,8,7,8,8,13.1,6.7,113.1,37.7,14.1,17.8,5.2,3,4.3,5,4.9,-3.6
"8/19/10 4:00 AM",1.13,45,45,45,47.48,1575,1473,1560,1503,8,7,9,8,12.4,7.5,113.1,37.7,14.1,17.8,4.8,3,4.2,5.1,5,-4
"8/19/10 3:00 AM",1.06,45,45,45,47.6,1556,1549,1485,1490,8,8,8,8,12.7,7.3,113.1,37.7,14.1,17.8,5.2,3,4.3,5.1,4.9,-4
"8/19/10 2:00 AM",1.44,45,45,45,47.73,1523,1503,1551,1570,8,8,9,9,12.4,7.4,113.1,37.7,14.1,17.8,5.1,3,4.2,5.2,5,-4
"8/19/10 1:00 AM",1.42,45,45,45,47.84,1543,1477,1434,1454,8,7,8,8,12.6,7.5,113.1,37.7,13.4,17.2,5.1,3,4.3,5.1,5,-3.9
"8/19/10 12:00 AM",1.42,45,45,45,47.94,1531,1486,1534,1403,8,7,9,8,12.7,8.4,113.1,37.7,13.4,17.2,5.3,3,4.2,5.3,4.9,-4
"8/18/10 11:00 PM",1.43,45,45,45,48.04,1568,1436,1402,1338,8,7,8,7,15.2,7.5,199,58.4,13.4,17.2,5.1,3,4.2,5.1,4.9,-4.1
"8/18/10 10:00 PM",1.49,45,45,45,48.14,1499,1511,1495,1480,8,8,9,8,13.2,7.4,199,58.4,13.4,17.2,5.2,3,4.4,5.1,4.9,-4
"8/18/10 9:00 PM",1.46,45,45,45,48.24,1522,1489,1557,1468,8,7,9,8,13.3,7.4,199,58.4,13.3,16.9,5,3,4.2,5.3,5,-3.7
"8/18/10 8:00 PM",1.37,45,45,45,48.33,1554,1518,1525,1488,8,7,9,8,13.2,7.1,199,58.4,13.3,16.9,5.1,3,4.3,5.2,5,-3.9
"8/18/10 7:00 PM",1.44,45,45,45,48.43,1650,1545,1628,1571,8,8,10,9,13.1,7.7,199,58.4,13.3,16.9,4.2,3,4.3,5.3,5.1,-3.9
"8/18/10 6:00 PM",1.37,45,45,45,48.53,1563,1428,1535,1599,8,10,9,9,13.6,8.3,199,58.4,13.3,16.9,4.1,3,4.1,5.1,5,-3.3
"8/18/10 5:00 PM",1.43,45,45,45,48.63,1491,1585,1615,1534,8,8,9,8,14.4,6.9,199,58.4,13,18,5.3,3,4.2,5.2,5,-4
"8/18/10 4:00 PM",1.42,45,45,45,48.72,1546,1483,1481,1492,8,7,8,8,12.3,7.1,199,58.4,13,18,5.1,3,4.3,5.1,4.9,-3.8
"8/18/10 3:00 PM",1.46,45,45,45,48.82,1461,1479,1482,1468,8,7,8,8,12,6.9,199,58.4,13,18,5.3,3,4.2,5.2,5,-3.8
"8/18/10 2:00 PM",1.44,45,45,45,48.92,1575,1467,1404,1425,8,7,8,8,12.6,7.8,199,58.4,13,18,5,3,4.3,5.2,5,-3.7
"8/18/10 1:00 PM",1.36,45,45,45,49.01,1578,1324,1419,1398,8,7,7,8,13.9,6.9,199,58.4,13.3,17.9,3.8,3,4.1,5.1,4.9,-2.9
"8/18/10 12:00 PM",1.45,45,45,45,49.11,1675,1543,1512,1435,8,8,8,8,13.7,6.7,199,58.4,13.3,17.9,3.8,3,4.3,5.2,4.9,-3
"8/18/10 11:00 AM",1.52,45,45,45,49.21,1553,1495,1492,1485,8,7,8,8,11.6,7.2,251.7,55.5,13.3,17.9,5.1,3,4.3,5.2,5,-3.2
"8/18/10 10:00 AM",1.81,45,45,45,49.31,1528,1455,1501,1513,8,7,8,8,12.5,6.9,251.7,55.5,13.3,17.9,4.6,3,4.2,5.2,5,-2.4
"8/18/10 9:00 AM",1.71,45,45,45,49.41,1505,1287,1335,1412,8,6,7,7,12.2,7.2,251.7,55.5,13,17.2,4.4,3,4.1,4.9,4.9,-3.4
"8/18/10 8:00 AM",1.68,45,45,45,49.52,1524,1441,1501,1533,8,7,8,8,12.5,8.2,251.7,55.5,13,17.2,5.1,3,4.3,5.1,4.9,-2.6
"8/18/10 7:00 AM",1.78,45,45,45,49.64,1495,1429,1512,1461,8,7,8,8,12.5,7.1,251.7,55.5,13,17.2,5,3,4.3,5.1,4.8,-2.9
"8/18/10 6:00 AM",1.9,45,45,45,49.75,1458,1357,1464,1550,8,7,8,8,11.4,7.1,251.7,55.5,13,17.2,5.3,3,4.2,5.1,4.7,-2.9
"8/18/10 5:00 AM",1.99,45,45,45,49.87,1622,1523,1493,1393,8,8,9,8,11.8,7.7,251.7,55.5,12.3,17.6,4.2,3,4.2,5.1,4.4,-1.5
"8/18/10 4:00 AM",1.94,45,45,45,49.98,1420,1425,1320,1231,8,6,8,8,11.7,9.7,251.7,55.5,12.3,17.6,4.8,3,3.8,4,4,-1.8
"8/18/10 3:00 AM",1.9,45,45,45,50.1,1284,1205,1334,1228,9,8,8,7,12.3,10.7,251.7,55.5,11.4,14.5,3.9,3,3.6,4.1,4.1,-1.9
"8/18/10 2:00 AM",1.76,58.04,58.04,58.04,50.21,1229,1069,1209,1096,9,8,7,7,13.4,10.6,251.7,55.5,11.4,14.5,4,3,4.8,3.9,3.9,-1.5
"8/18/10 1:00 AM",1.65,58.04,58.04,58.04,50.32,1212,1206,1303,1168,9,8,8,7,13.6,9.7,251.7,55.5,11.7,14.1,4.8,3,5,4,4,-2.3
"8/18/10 12:00 AM",1.48,58.04,58.04,58.04,50.42,1251,1138,1283,1167,9,8,7,7,12.9,8.8,251.7,55.5,11.7,14.1,4.1,3,4.8,3.9,4,-1.5
"8/17/10 11:00 PM",1.34,58.04,58.04,58.04,50.53,1168,1247,1238,1111,9,8,10,8,11.7,11.1,251.7,55.5,11.4,13.2,5.1,3,5,4.1,4.1,-0.9
"8/17/10 10:00 PM",1.03,62.68,62.68,62.68,50.63,1518,1470,1169,1067,10,8,10,12,14.3,11,251.7,55.5,11.4,13.2,4.5,3,5,4.1,4.2,-2.4
"8/17/10 9:00 PM",0.64,65,65,65,50.74,857,1321,1456,1115,12,9,10,12,13.8,8.6,251.7,55.5,13.7,16.1,4.9,3,4.2,4,3.9,-2.5
"8/17/10 8:00 PM",0.43,65,65,65,50.84,0,584,1075,692,14,11,12,14,13.1,9,251.7,55.5,13.7,16.1,3,3,2.5,4.1,2.6,-0.2
"8/17/10 7:00 PM",0.43,65,65,65,50.95,0,0,0,0,0,0,0,0,13.1,9,251.7,55.5,13.7,16.1,3,3,2,2,2,-4.1
"8/17/10 6:00 PM",0.43,65,65,65,51.05,0,0,0,0,0,0,0,0,13.1,9,251.7,55.5,13.7,16.1,3,3,2,2,2,-4.1
"8/17/10 5:00 PM",0.43,65,65,65,51.08,0,0,0,0,0,0,0,0,13.1,9,251.7,55.5,13.7,16.1,3,3,2,2,2,-1.4
"8/17/10 4:00 PM",0.43,65,65,65,51.03,0,0,0,0,0,0,0,0,13.1,9,251.7,55.5,13.7,16.1,3,3,2,2,2,-1.2
"8/17/10 3:00 PM",0.43,65,65,65,50.98,0,0,0,0,0,0,0,0,13.1,9,251.7,55.5,13.7,16.1,3,3,2,2,2,-1.4
"8/17/10 2:00 PM",0.43,65,65,65,50.94,0,0,0,0,0,0,0,0,13.1,9,251.7,55.5,13.7,16.1,3,3,2,2,2,-1.5
"8/17/10 1:00 PM",0.43,65,65,65,50.89,0,0,0,0,0,0,0,0,13.1,9,251.7,55.5,13.7,16.1,3,3,2,2,2,-1.2
"8/17/10 12:00 PM",0.43,65,65,65,50.84,0,0,0,0,0,0,0,0,13.1,9,251.7,55.5,13.7,16.1,3,3,2,2,2,-1.3
"8/17/10 11:00 AM",0.43,65,65,65,50.8,0,0,0,0,0,0,0,0,13.1,9,251.7,55.5,13.7,16.1,3,3,2,2,2,-1.4
"8/17/10 10:00 AM",0.64,65,65,65,50.75,0,0,0,0,0,0,0,0,13.1,9,251.7,55.5,13.7,16.1,3,3,2,2,2,-1.4
"8/17/10 9:00 AM",1.19,65,65,65,50.77,0,0,0,0,0,0,0,0,13.1,9,251.7,55.5,13.7,16.1,3,3,2,2,2,-1.4
"8/17/10 8:00 AM",1.48,65,65,65,50.85,0,0,0,0,0,0,0,0,13.1,9,251.7,55.5,13.7,16.1,3,3,2,2,2,-1.4
"8/17/10 7:00 AM",1.63,65,65,65,50.93,0,0,0,0,0,0,0,0,13.1,9,251.7,55.5,13.7,16.1,3,3,2,2,2,-1.4
"8/17/10 6:00 AM",1.84,65,65,65,51.01,0,0,0,0,0,0,0,0,13.1,9,251.7,55.5,13.7,16.1,3,3,2,2,2,-4.1
"8/17/10 5:00 AM",2.41,65,65,65,51.09,0,0,0,0,0,0,0,0,13.1,9,251.7,55.5,13.7,16.1,3,3,2,2,2,-4
"8/17/10 4:00 AM",2.85,65,65,65,51.16,0,0,1592,1540,0,8,10,8,12.7,9,251.7,55.5,13.7,16.1,3,3,3.5,5.2,5,-3.8
"8/17/10 3:00 AM",2.8,65,65,65,51.24,1560,1543,1685,1669,9,8,10,9,13,9.3,251.7,55.5,13.7,16.1,5.3,3,5.2,5.1,4.9,-0.6
"8/17/10 2:00 AM",2.78,65,65,65,51.32,1580,1601,1686,1666,9,8,10,9,12.8,8.3,251.7,55.5,13.7,16.1,5,3,5.2,5.2,4.9,-0.3
"8/17/10 1:00 AM",2.8,65,65,65,51.46,1584,1612,1627,1643,8,9,9,9,12.2,9.1,251.7,55.5,13.6,16.2,4.9,3,5.3,5.1,4.9,0.4
"8/17/10 12:00 AM",2.83,65,65,65,51.64,1574,1596,1605,1664,9,8,9,9,12.7,8.7,251.7,55.5,13.6,16.2,5,3,5.3,5.1,4.9,-0.2
"8/16/10 11:00 PM",2.84,65,65,65,51.83,1553,1611,1632,1689,8,9,10,9,12.3,8.1,251.7,55.5,13.6,16.2,5.1,3,5.2,5.1,4.9,0.4
"8/16/10 10:00 PM",2.81,65,65,65,52.02,1558,1587,1613,1675,8,8,10,9,12,8.9,251.7,55.5,13.6,16.2,5,3,5.2,5.1,5,-0.1
"8/16/10 9:00 PM",2.63,65,65,65,52.2,1587,1593,1560,1651,8,8,9,9,12.5,8,251.7,55.5,13.7,16.6,4.9,3,5.2,5.2,5.1,0
"8/16/10 8:00 PM",2.58,65,65,65,52.39,1591,1388,1458,1555,8,7,8,8,12.3,9.5,251.7,55.5,13.7,16.6,4.6,3,5,5.1,4.9,-0.9
"8/16/10 7:00 PM",2.36,65,65,65,52.58,1592,1416,1474,1629,8,7,8,9,13.3,9,251.7,55.5,13.7,16.6,4.7,3,5.1,5,4.9,-0.9
"8/16/10 6:00 PM",2,65,65,65,52.76,1613,1599,1575,1661,9,9,9,9,12.6,9,251.7,55.5,13.7,16.6,5,3,5.3,5.1,4.9,0.1
"8/16/10 5:00 PM",1.74,65,65,65,52.91,1611,1560,1402,1448,8,8,8,8,13,9,169.5,33.7,13.7,16.5,5.1,3,5.2,5.1,4.9,-0.6
"8/16/10 4:00 PM",1.64,65,65,65,53.03,1551,1234,1404,1276,8,6,8,7,13.4,9,169.5,33.7,13.7,16.5,4.5,3,5,4.9,4.7,-2
"8/16/10 3:00 PM",1.78,65,65,65,53.15,1567,1421,1513,1581,7,8,9,8,12.8,9.6,169.5,33.7,13.7,16.5,4,3,5.1,5.2,5,-0.9
"8/16/10 2:00 PM",1.66,65,65,65,53.27,1605,1422,1435,1667,8,8,9,9,13.2,8,169.5,33.7,13.7,16.5,4.8,3,5.2,5,5,-0.3
"8/16/10 1:00 PM",1.75,65,65,65,53.39,1531,1516,1527,1503,8,8,10,8,12.6,8.5,169.5,33.7,13.7,16.5,5.2,3,5.2,5.2,5,-0.2
"8/16/10 12:00 PM",1.88,65,65,65,53.51,1643,1390,1449,1637,7,7,9,9,12.7,7.4,169.5,33.7,13.7,16.5,4.5,3,5.2,5,5,-0.6
"8/16/10 11:00 AM",1.9,65,65,65,53.63,1580,1402,1496,1488,8,7,10,8,11.6,8.2,162,48,13.7,16.5,4.7,3,5.1,5.3,5,-1
"8/16/10 10:00 AM",2.33,65,65,65,53.75,1643,1387,1339,1415,8,7,8,8,12.1,9.5,162,48,13.7,16.5,4.8,3,5.3,5,4.9,1.2
"8/16/10 9:00 AM",2.28,65,65,65,53.89,1579,1479,1582,1653,7,8,11,9,13.4,8.2,162,48,13.6,16.6,4.2,3,5.2,5.2,5,1.9
"8/16/10 8:00 AM",2.3,65,65,65,54.04,1555,1364,1291,1230,8,7,8,7,13.3,8.9,162,48,13.6,16.6,5,3,5.1,5.3,5,-1.1
"8/16/10 7:00 AM",2.34,98,98,98,54.19,1585,1171,1234,1306,7,6,7,7,13,8.5,162,48,13.6,16.6,4.3,3,4.7,4.9,4.9,-1.4
"8/16/10 6:00 AM",2.42,65,65,65,54.35,0,0,0,0,0,0,0,0,13,8.9,162,48,13.6,16.6,3,3,2,3.4,2,-4.2
"8/16/10 5:00 AM",2.35,65,65,65,54.5,1520,1364,1338,1347,8,7,7,8,15.2,9.7,162,48,13.5,16.1,4.8,3,5.3,5.1,4.9,0.3
"8/16/10 4:00 AM",2.45,65,65,65,54.65,1557,1488,1485,1464,8,7,9,8,12.6,11.1,162,48,13.5,16.1,4.6,3,5.3,5.1,4.9,0
"8/16/10 3:00 AM",2.5,65,65,65,54.81,1506,1527,1544,1594,9,8,9,9,13.9,9.5,162,48,13.5,16.1,5.3,3,5.2,5.1,5,-1
"8/16/10 2:00 AM",2.66,65,65,65,54.96,1621,1633,1653,1693,9,9,10,10,12.8,9.8,162,48,13.5,16.1,5.1,3,5.2,5.1,5,0.3
"8/16/10 1:00 AM",2.74,65,65,65,55.14,1565,1603,1646,1622,9,8,10,9,13.3,9.6,162,48,13.8,16,5.1,3,5.2,5.1,4.9,0.4
"8/16/10 12:00 AM",2.7,65,65,65,55.32,1590,1578,1521,1552,9,9,9,9,13.1,9.9,162,48,13.8,16,5.2,3,5.3,5.1,5,0.5
"8/15/10 11:00 PM",2.57,65,65,65,55.51,1691,1626,1676,1617,8,8,10,9,13.2,9.8,246.7,53.2,13.8,16,3.9,3,5.2,5.1,4.9,0.4
"8/15/10 10:00 PM",2.6,65,65,65,55.7,1566,1614,1655,1617,9,9,10,9,13,9.8,246.7,53.2,13.8,16,5.3,3,5.2,5.1,4.9,-0.3
"8/15/10 9:00 PM",2.52,65,65,65,55.89,1600,1602,1639,1648,9,9,10,9,13.2,10.1,246.7,53.2,13.6,16.2,5.2,3,5.2,5.1,5,-0.2
"8/15/10 8:00 PM",2.47,65,65,65,56.08,1576,1615,1650,1605,9,8,10,9,13.4,9.3,246.7,53.2,13.6,16.2,5.1,3,5.3,5.2,4.9,-0.6
"8/15/10 7:00 PM",2.17,65,65,65,56.26,1607,1547,1579,1574,9,8,9,9,13.1,9.4,246.7,53.2,13.6,16.2,5,3,5.2,5.1,4.9,-1.2
"8/15/10 6:00 PM",1.96,65,65,65,56.45,1597,1605,1594,1508,9,8,9,8,13,10.2,246.7,53.2,13.6,16.2,5.2,3,5.2,5.3,5,-1.6
"8/15/10 5:00 PM",1.98,65,65,65,56.6,1506,1476,1402,1336,8,8,8,8,13.2,9.8,246.7,53.2,13.6,16.1,5,3,5.3,5.2,5.1,-1.4
"8/15/10 4:00 PM",1.92,65,65,65,56.73,679,1240,1582,1616,14,8,9,9,13.3,10.8,246.7,53.2,13.6,16.1,5,3,4.8,5.1,4.9,-2.7
"8/15/10 3:00 PM",1.82,65,65,65,56.87,1633,1622,1610,1670,9,9,10,10,14,11,246.7,53.2,13.6,16.1,5,3,5.2,5.1,4.9,-1
"8/15/10 2:00 PM",1.9,65,65,65,57,1552,1596,1639,1636,8,9,10,9,13.4,9.9,246.7,53.2,13.6,16.1,5.1,3,5.1,5.2,4.7,-0.9
"8/15/10 1:00 PM",1.91,65,65,65,57.14,1585,1611,1435,1446,8,8,9,8,13.2,10.1,246.7,53.2,13.9,16.4,5.1,3,5.2,5.1,4.7,-0.3
"8/15/10 12:00 PM",1.99,65,65,65,57.27,1533,1324,1188,1216,8,7,6,7,13.3,10.3,246.7,53.2,13.9,16.4,5.2,3,5.2,5,4.6,-0.8
"8/15/10 11:00 AM",2.21,65,65,65,57.4,1608,1556,1579,1603,8,8,9,9,13.5,11.3,246.7,53.2,13.9,16.4,5,3,5,5.1,4.8,-0.8
"8/15/10 10:00 AM",2.46,65,65,65,57.54,1605,1647,1659,1639,9,9,10,9,14.3,10.3,246.7,53.2,13.9,16.4,5,3,5.2,5.2,4.8,-0.4
"8/15/10 9:00 AM",2.49,65,65,65,57.7,1565,1525,1551,1576,8,8,9,9,13.4,10.4,246.7,53.2,14,16.2,5.1,3,5.1,5.1,4.7,-0.7
"8/15/10 8:00 AM",2.59,65,65,65,57.87,1561,1595,1550,1578,9,9,9,9,13.6,10.5,246.7,53.2,14,16.2,5.1,3,5.2,5.1,4.8,-1
"8/15/10 7:00 AM",2.63,65,65,65,58.03,1600,1599,1536,1544,9,9,9,9,13.9,10.4,246.7,53.2,14,16.2,5,3,5,5.1,4.7,-1.3
"8/15/10 6:00 AM",2.75,65,65,65,58.2,1560,1577,1542,1565,9,9,9,9,13.7,11,246.7,53.2,14,16.2,5,3,4.9,5.1,4.8,-1
"8/15/10 5:00 AM",2.75,65,65,65,58.36,1611,1589,1612,1593,9,9,10,9,14.6,10.1,177,52,14.2,17.8,4.9,3,4.8,5.1,4.7,-1.7
"8/15/10 4:00 AM",2.74,65,65,65,58.53,1533,1546,1459,1491,8,8,9,9,14.5,10,177,52,14.2,17.8,5.4,3,4.9,5.2,4.8,-2.1
"8/15/10 3:00 AM",2.16,65,65,65,58.7,1638,1556,1501,1451,8,8,9,9,13.7,9.7,177,52,14.2,17.8,4,3,4.9,5,4.7,-1.6
"8/15/10 2:00 AM",2,65,65,65,58.86,1517,1298,1213,1102,8,7,7,6,13.4,7.9,177,52,14.2,17.8,4.9,3,5,5,4.6,-0.3
"8/15/10 1:00 AM",1.94,65,65,65,58.99,1557,1555,1604,1576,9,8,9,9,12,6.6,177,52,13.6,16.3,5.4,3,4.9,5.1,4.8,-3.8
"8/15/10 12:00 AM",1.81,45,45,45,59.12,1582,1611,1583,1510,9,8,9,9,11.2,6.4,177,52,13.6,16.3,5.3,3,4.3,5.1,4.7,-3.9
"8/14/10 11:00 PM",1.87,45,45,45,59.26,1591,1674,1668,1595,8,8,10,9,11.2,8.2,158.6,41.6,13.6,16.3,5.1,3,4.3,5.2,4.8,-4
"8/14/10 10:00 PM",1.78,45,45,45,59.39,1586,1335,1251,1156,8,7,6,6,15.8,6.2,158.6,41.6,13.6,16.3,5.1,3,4.3,5,4.7,-3.2
"8/14/10 9:00 PM",1.75,45,45,45,59.52,1527,1516,1533,1391,8,7,8,8,11.4,5.9,158.6,41.6,14,17,5.1,3,4.2,5.2,4.8,-4
"8/14/10 8:00 PM",1.63,45,45,45,59.65,1397,1316,1324,1249,8,6,7,7,11.3,8,158.6,41.6,14,17,5.3,3,4.2,5.1,4.8,-4
"8/14/10 7:00 PM",1.14,45,45,45,59.79,1198,1154,1222,1172,8,6,6,7,15.7,8.1,158.6,41.6,14,17,5.2,3,4.1,5,4.7,-4.1
"8/14/10 6:00 PM",1.26,45,45,45,59.91,1291,1397,1490,1559,8,7,9,9,13.5,8,158.6,41.6,14,17,5.3,3,4.3,5.3,4.9,-3.1
"8/14/10 5:00 PM",1.17,45,45,45,60,1595,1535,1549,1460,9,8,9,8,13.9,9.9,158.6,41.6,14.4,18.2,4.9,3,4.3,5.2,4.8,-4
"8/14/10 4:00 PM",1.18,45,45,45,60.08,1581,1596,1697,1629,8,8,10,9,16.1,7.3,158.6,41.6,14.4,18.2,5.3,3,4.3,5.3,4.9,-4
"8/14/10 3:00 PM",1.17,45,45,45,60.17,1593,1640,1672,1572,8,8,10,9,12.8,8.4,158.6,41.6,14.4,18.2,5.3,3,4.4,5.3,4.8,-4
"8/14/10 2:00 PM",1.2,45,45,45,60.26,1584,1649,1700,1704,9,9,10,10,13.6,9.2,158.6,41.6,14.4,18.2,5.4,3,4.3,5.2,4.8,-3.9
"8/14/10 1:00 PM",1.12,45,45,45,60.34,1583,1693,1766,1668,9,9,10,9,13.3,7.3,158.6,41.6,14.2,19.3,5.3,3,4.3,5.2,4.8,-4.1
"8/14/10 12:00 PM",1.25,45,45,45,60.43,1582,1644,1663,1690,9,9,10,9,12.2,6.6,158.6,41.6,14.2,19.3,5.3,3,4.3,5.2,4.9,-3.7
"8/14/10 11:00 AM",1.36,45,45,45,60.52,1534,1582,1649,1527,8,8,9,8,11.9,8.4,158.6,41.6,14.2,19.3,5.3,3,4.3,5.3,4.9,-3.9
"8/14/10 10:00 AM",1.35,45,45,45,60.6,1578,1545,1647,1578,8,7,9,9,14.2,7.7,158.6,41.6,14.2,19.3,5.3,3,4.3,5.2,4.8,-4.1
"8/14/10 9:00 AM",1.35,45,45,45,60.69,1615,1558,1552,1574,9,8,8,9,12.9,7.1,158.6,41.6,14.8,18.6,5.2,3,4.3,5.1,4.8,-4
"8/14/10 8:00 AM",1.36,45,45,45,60.77,1577,1496,1650,1601,8,7,10,9,12.5,6.8,158.6,41.6,14.8,18.6,4.9,3,4.3,5.3,4.8,-4
"8/14/10 7:00 AM",1.46,45,45,45,60.86,1583,1620,1639,1629,8,8,9,9,12.3,7.2,158.6,41.6,14.8,18.6,4.8,3,4.4,5.3,4.9,-4
"8/14/10 6:00 AM",1.35,45,45,45,60.95,1591,1534,1606,1540,8,7,9,8,12.4,7.4,158.6,41.6,14.8,18.6,4.8,3,4.3,5.3,4.8,-3.2
"8/14/10 5:00 AM",1.18,45,45,45,61.03,1572,1435,1522,1549,8,7,9,8,13.2,7.8,175.6,40.4,14.3,18.4,4.2,3,4.2,5.2,4.8,-3.8
"8/14/10 4:00 AM",1.42,45,45,45,61.12,1601,1497,1540,1548,9,8,9,9,12.9,8.5,175.6,40.4,14.3,18.4,5.3,3,4.4,5.1,4.7,-3.6
"8/14/10 3:00 AM",1.44,45,45,45,61.21,1627,1523,1620,1613,9,8,9,9,14.5,7.6,175.6,40.4,14.3,18.4,5.2,3,4.3,5.2,4.8,-3.8
"8/14/10 2:00 AM",1.65,45,45,45,61.3,1565,1594,1601,1629,8,8,9,9,12.8,6.8,175.6,40.4,14.3,18.4,4.9,3,4.4,5.2,4.8,-3.6
"8/14/10 1:00 AM",1.7,45,45,45,61.42,1578,1528,1596,1618,8,8,9,8,11.9,6.4,175.6,40.4,14.1,18.2,4.5,3,4.3,5.2,4.9,-3.6
"8/14/10 12:00 AM",1.66,45,45,45,61.54,1614,1531,1550,1548,9,7,8,8,11.1,7.1,175.6,40.4,14.1,18.2,5.2,3,4.4,5.2,4.8,-3.4
"8/13/10 11:00 PM",1.62,45,45,45,61.65,1602,1619,1667,1598,8,8,9,8,12.3,8.4,175.6,40.4,14.1,18.2,4.5,3,4.4,5.2,4.9,-3.5
"8/13/10 10:00 PM",1.71,45,45,45,61.77,1588,1600,1709,1687,8,8,9,9,13.3,7.1,175.6,40.4,14.1,18.2,5.2,3,4.3,5.2,4.8,-2.9
"8/13/10 9:00 PM",1.66,45,45,45,61.89,1550,1571,1624,1634,8,8,8,8,12.2,5.5,175.6,40.4,14.1,18.1,5,3,4.3,5.2,4.8,-3.4
"8/13/10 8:00 PM",1.51,45,45,45,62.01,1586,1425,1587,1593,8,7,9,8,9.8,7.1,175.6,40.4,14.1,18.1,5.2,3,4.2,5.2,4.8,-3.3
"8/13/10 7:00 PM",1.44,45,45,45,62.12,1562,1560,1612,1481,8,8,9,8,12.5,6.6,175.6,40.4,14.1,18.1,5.3,3,4.4,5.3,4.8,-2.6
"8/13/10 6:00 PM",1.4,45,45,45,62.23,1528,1431,1649,1716,8,7,9,9,11.9,7.9,175.6,40.4,14.1,18.1,4.7,3,4.3,5.2,4.9,-2.7
"8/13/10 5:00 PM",1.37,45,45,45,62.33,1613,1645,1761,1716,8,8,10,9,12.7,6.6,198,62,13.5,17.5,5.1,3,4.4,5.1,4.9,-2.6
"8/13/10 4:00 PM",1.3,45,45,45,62.44,1585,1548,1705,1647,8,8,9,8,11.4,6,198,62,13.5,17.5,4.4,3,4.4,5.1,4.9,-2.1
"8/13/10 3:00 PM",1.32,45,45,45,62.54,1614,1555,1550,1396,9,8,8,8,10.6,6.7,198,62,13.5,17.5,5.2,3,4.5,5.1,4.8,-2.5
"8/13/10 2:00 PM",1.28,45,45,45,62.64,1585,1568,1675,1677,8,8,9,9,11.7,6.9,198,62,13.5,17.5,4.5,3,4.3,5,4.9,-2.2
"8/13/10 1:00 PM",1.38,45,45,45,62.74,1590,1600,1514,1431,9,8,8,8,11.9,8.1,198,62,13,16.8,5.3,3,4.3,5.1,4.9,-1.3
"8/13/10 12:00 PM",1.36,45,45,45,62.84,1612,1407,1624,1658,8,7,9,9,13,8.7,198,62,13,16.8,3.5,3,4.2,4.7,5,-1.8
"8/13/10 11:00 AM",1.76,65,65,65,62.94,1552,1561,1524,1524,10,8,8,8,12.9,8.7,123.9,24.9,13,16.8,5.3,3,4.9,4.5,4.9,-0.8
"8/13/10 10:00 AM",2.16,65,65,65,63.06,1578,1515,1553,1510,8,8,8,8,13,8.8,123.9,24.9,13,16.8,4.8,3,4.9,4.6,4.9,0.5
"8/13/10 9:00 AM",2.22,65,65,65,63.22,1595,1501,1564,1519,8,8,9,8,12.9,8.8,123.9,24.9,12.9,15.9,4.9,3,4.8,4.7,4.9,-0.5
"8/13/10 8:00 AM",2.14,65,65,65,63.37,1579,1378,1400,1397,8,7,7,8,13.2,9.1,123.9,24.9,12.9,15.9,4.9,3,5,4.6,4.9,-0.3
"8/13/10 7:00 AM",2.18,65,65,65,63.53,1629,1493,1530,1413,8,8,8,8,13.5,8.4,123.9,24.9,12.9,15.9,4.3,3,4.8,4.6,4.9,-0.1
"8/13/10 6:00 AM",2.19,65,65,65,63.68,1558,1485,1584,1525,8,7,8,8,12.8,7.7,123.9,24.9,12.9,15.9,4.7,3,4.8,4.7,4.9,0.2
"8/13/10 5:00 AM",2.34,65,65,65,63.84,1577,1399,1446,1449,8,7,7,8,12,7.3,123.9,24.9,12.7,15,5.2,3,4.9,4.5,4.9,-0.6
"8/13/10 4:00 AM",2.35,65,65,65,63.99,1585,1521,1567,1489,8,8,9,8,11.5,7.5,123.9,24.9,12.7,15,4.8,3,4.9,4.7,4.9,-0.1
"8/13/10 3:00 AM",2.12,65,65,65,64.15,1595,1508,1541,1478,8,8,8,8,11.7,8.7,123.9,24.9,12.7,15,4.7,3,4.9,4.6,4.9,-1
"8/13/10 2:00 AM",2.3,65,65,65,64.31,1623,1434,1501,1566,8,8,8,8,13,9.2,123.9,24.9,12.7,15,3.9,3,4.7,4.5,4.9,-2.1
"8/13/10 1:00 AM",2.33,65,65,65,64.47,1539,1328,1372,1303,8,7,8,8,13.3,8.8,123.9,24.9,12.9,15.8,4.7,3,4.9,4.5,4.9,-1.5
"8/13/10 12:00 AM",2.25,65,65,65,64.63,1504,1384,1490,1273,8,8,8,7,14.3,8.6,123.9,24.9,12.9,15.8,4.4,3,4.9,4.3,5.3,-1.9
"8/12/10 11:00 PM",2.3,65,65,65,64.8,1598,1225,1271,1264,8,7,7,7,13.1,7.8,123.9,24.9,12.9,15.8,3.9,3,4.5,4.5,5.1,-2.8
"8/12/10 10:00 PM",2.1,65,65,65,64.96,1598,1196,1230,1235,8,7,6,7,13.9,7.9,123.9,24.9,12.9,15.8,3.7,3,4.7,4.5,4.7,-2.3
"8/12/10 9:00 PM",1.96,65,65,65,65.12,1573,1501,1481,1442,9,8,8,8,12.4,7.1,123.9,24.9,12.9,15.8,5.2,3,4.9,4.6,4.8,-1.8
"8/12/10 8:00 PM",1.66,65,65,65,65.29,1520,1402,1415,1355,8,7,7,8,12.1,8,123.9,24.9,12.9,15.8,5.2,3,5,4.6,4.9,-2.2
"8/12/10 7:00 PM",1.76,65,65,65,65.45,1594,1377,1373,1266,8,7,7,7,12.7,7.5,123.9,24.9,12.9,15.8,4.1,3,4.9,4.6,4.9,-1.8
"8/12/10 6:00 PM",2.14,65,65,65,65.61,1613,1336,1313,1273,8,7,6,7,12.3,7.8,123.9,24.9,12.9,15.8,4.9,3,5.1,4.6,4.9,-1.2
"8/12/10 5:00 PM",2.06,65,65,65,65.75,1549,1399,1472,1409,8,7,8,9,12.3,7.9,169,56,13.5,16.7,4.2,3,4.7,4.6,4.8,-0.8
"8/12/10 4:00 PM",1.98,98,98,98,65.9,1566,1349,1323,1401,9,7,7,9,12.2,8.6,169,56,13.5,16.7,5.3,3,5.1,4.5,4.8,-1.3
"8/12/10 3:00 PM",1.97,65,65,65,66.05,1602,1422,1484,1399,8,8,8,9,13.2,7.5,169,56,13.5,16.7,4.5,3,4.8,4.8,5,-2.1
"8/12/10 2:00 PM",1.84,65,65,65,66.2,85,1374,1421,1322,14,7,8,8,12.6,9.9,169,56,13.5,16.7,3,3,4.9,4.9,5,-3.3
"8/12/10 1:00 PM",1.72,65,65,65,66.34,1614,1376,1283,1198,8,7,8,8,13.9,8.7,169,56,14,16.3,3.8,3,4.9,4.7,5.1,-1.8
"8/12/10 12:00 PM",1.88,65,65,65,66.49,800,817,1200,1174,12,4,6,7,11.6,7.6,169,56,14,16.3,4.8,3,3.6,4.6,4.8,-3.2
"8/12/10 11:00 AM",1.76,65,65,65,66.64,1662,1463,1488,1375,8,8,8,8,12.8,8.4,229.3,50.4,14,16.3,4.2,3,4.9,4.8,5,-1.9
"8/12/10 10:00 AM",2.24,65,65,65,66.79,1316,1292,1460,1528,14,7,8,8,12.7,8.7,229.3,50.4,14,16.3,5.3,3,4.6,4.6,4.9,-0.1
"8/12/10 9:00 AM",2.07,65,65,65,66.94,1602,1509,1596,1577,8,8,9,8,13.6,9.2,229.3,50.4,14,17.2,4,3,4.8,4.7,4.9,-0.4
"8/12/10 8:00 AM",2.23,65,65,65,67.09,1542,1378,1399,1451,8,7,7,8,14,8.1,229.3,50.4,14,17.2,4.9,3,4.8,4.7,5,-1.5
"8/12/10 7:00 AM",2.2,65,65,65,67.24,685,893,1131,1117,11,5,6,7,13,9.3,229.3,50.4,14,17.2,4.9,3,3.9,4.5,4.7,-2.1
"8/12/10 6:00 AM",2.29,65,65,65,67.39,1584,1551,1579,1627,8,8,9,9,13.5,8.7,229.3,50.4,14,17.2,5.3,3,4.9,4.6,4.9,-0.5
"8/12/10 5:00 AM",1.86,65,65,65,67.54,1594,1586,1577,1527,8,8,9,8,12.8,8.6,229.3,50.4,13.9,17.4,5.2,3,4.9,4.7,4.9,-0.6
"8/12/10 4:00 AM",1.97,65,65,65,67.69,1595,1588,1613,1561,8,8,10,9,12.6,8.5,229.3,50.4,13.9,17.4,4.6,3,4.9,4.7,4.9,0.3
"8/12/10 3:00 AM",2.2,65,65,65,67.85,1571,1532,1541,1470,8,8,9,8,12.8,9.1,229.3,50.4,13.9,17.4,4.7,3,4.9,4.8,5,1.2
"8/12/10 2:00 AM",2.17,65,65,65,68,1552,1407,1441,1524,8,7,8,8,11.9,8.9,229.3,50.4,13.9,17.4,4.9,3,4.8,4.6,5,0.2
"8/12/10 1:00 AM",2.16,65,65,65,68.15,1485,1487,1445,1380,8,7,8,8,13,9.2,229.3,50.4,13.6,17,5.1,3,4.9,4.6,4.9,-0.2
"8/12/10 12:00 AM",1.92,65,65,65,68.3,1595,1632,1655,1657,8,9,10,9,12.9,9.3,229.3,50.4,13.6,17,4.9,3,4.9,4.7,5,-0.3
"8/11/10 11:00 PM",2.1,65,65,65,68.45,1621,1604,1614,1609,9,8,10,9,12.9,9.2,174.2,49.3,13.6,17,5.1,3,4.9,4.6,4.9,0
"8/11/10 10:00 PM",1.69,65,65,65,68.6,1641,1579,1547,1555,9,8,9,9,12.9,8.9,174.2,49.3,13.6,17,5.3,3,4.9,4.6,4.8,-0.1
"8/11/10 9:00 PM",1.86,65,65,65,68.75,1572,1623,1625,1632,8,8,10,9,12.7,8.5,174.2,49.3,13.7,17.1,5.1,3,4.9,4.6,5,-0.7
"8/11/10 8:00 PM",1.63,65,65,65,68.9,1603,1614,1614,1529,9,8,9,8,12.4,8.7,174.2,49.3,13.7,17.1,5.1,3,4.9,4.6,4.8,0
